ticker,p_net_positive,p_lift,p_strong_lift,p_moderate_lift,p_neutral,p_moderate_crush,p_crush,p_severe_crush,median_cum_thematic,p10_cum,p90_cum,mean_cum_thematic,std_cum,p_top_quartile,p_bottom_quartile,company
TRUP,0.7527,0.324,0.0406,0.5574,0.3191,0.1235,0.0548,0.0083,0.06242061479467796,-0.06359840999926186,0.165419108289881,0.05558593210081667,0.09068483720618425,0.5362,0.1654,Trupanion
CHWY,0.745,0.2517,0.0167,0.5018,0.3866,0.1116,0.0423,0.0032,0.050405125551324356,-0.05639602317644184,0.14129883252967315,0.04622585509528307,0.07849635953501505,0.4752,0.164,Chewy
IDXX,0.7252,0.1966,0.0066,0.4597,0.4366,0.1037,0.03,0.0016,0.04297427437333938,-0.05137668062706587,0.12692952867458654,0.03955863307946649,0.07054206712940188,0.4242,0.1616,Idexx Laboratories
NVDA,0.6181,0.1634,0.0102,0.366,0.4473,0.1867,0.0767,0.0103,0.023199702229385125,-0.08601718732927112,0.12191843570849653,0.02028366747991468,0.08301854463531258,0.3399,0.2624,NVIDIA
MNST,0.7203,0.1418,0.0025,0.4121,0.4949,0.093,0.0212,0.0004,0.03628218416694326,-0.04692525574292209,0.11220149747669984,0.03435972790564539,0.06258397143907521,0.3769,0.1578,Monster Beverage
RBLX,0.6425,0.14,0.0062,0.3627,0.4863,0.151,0.0502,0.0029,0.0261286154483018,-0.06896040696538593,0.11377642505549698,0.023313142571866195,0.07273089476900135,0.3288,0.2303,Roblox
PLNT,0.6876,0.1335,0.0027,0.3838,0.5125,0.1037,0.0239,0.0,0.03113885428075422,-0.0512368324694791,0.11089288584890541,0.03017845573987563,0.06346526655649787,0.3459,0.1724,Planet Fitness
LYV,0.6303,0.1258,0.0031,0.3446,0.5084,0.147,0.0441,0.0018,0.02296732859303131,-0.06812722477883677,0.10856294418428955,0.02149773051100286,0.0695809116674171,0.3127,0.2312,Live Nation
CELH,0.6911,0.1116,0.0005,0.3597,0.5487,0.0916,0.0172,0.0002,0.029822957780180254,-0.04682655296839445,0.10327094433825179,0.028647692657579098,0.05885373695319883,0.322,0.1641,Celsius Holdings
TTWO,0.6302,0.11,0.0021,0.3333,0.519,0.1477,0.0404,0.0015,0.021345112913696257,-0.0663024483105506,0.10357519651395046,0.02018365547106424,0.06689638453274131,0.2993,0.2319,Take-Two Interactive
ELAN,0.6794,0.1015,0.0017,0.3443,0.5554,0.1003,0.0216,0.0002,0.027212966709390312,-0.05007487601972702,0.10042464603858159,0.026095362223788277,0.05917582984785498,0.3069,0.1765,Elanco Animal Health
CRWD,0.6227,0.0976,0.002,0.3152,0.5518,0.133,0.0291,0.0007,0.01916430419784329,-0.06080936222515648,0.09918291414779042,0.019316125887602988,0.0627385385023882,0.2812,0.2245,CrowdStrike
KDP,0.691,0.0923,0.001,0.3429,0.5682,0.0889,0.0123,0.0,0.027468426051100545,-0.04575784056905398,0.09751280738380712,0.026685117756256288,0.05591384689690617,0.3052,0.1668,Keurig Dr Pepper
PLAY,0.6053,0.0892,0.0017,0.2967,0.5439,0.1594,0.0462,0.0012,0.016302346660608903,-0.06942955062745781,0.09603145972450906,0.014557252612930649,0.06546677013371745,0.2617,0.2482,Dave & Buster's
HAS,0.6248,0.0865,0.0004,0.3021,0.5642,0.1337,0.0301,0.0004,0.01902493724857849,-0.06074023628102512,0.09427837078090445,0.017675999530898146,0.0611907788340909,0.2635,0.2196,Hasbro
MODG,0.5822,0.0862,0.0013,0.2847,0.5419,0.1734,0.0529,0.0021,0.013693688823842821,-0.07392460761361744,0.0944783644073738,0.011817393905187589,0.06689183194909076,0.2479,0.2614,Topgolf Callaway Brands
ONON,0.6308,0.0853,0.0006,0.3013,0.5849,0.1138,0.0205,0.0002,0.020494240467201844,-0.055259237745222636,0.09403603334047585,0.019715344105560428,0.058170299926387385,0.2626,0.204,On Holding
PANW,0.6184,0.0842,0.0015,0.2942,0.5696,0.1362,0.0306,0.0004,0.017896395521916887,-0.061077724500179564,0.09393317979369155,0.016927735539740415,0.060626900178401326,0.258,0.2268,Palo Alto Networks
SONY,0.6174,0.0738,0.0001,0.2836,0.5938,0.1226,0.0265,0.0001,0.016639805235426915,-0.056885417167281425,0.09097811328404216,0.016499829497417736,0.05801216801943084,0.245,0.2127,Sony Group
WMG,0.5925,0.0725,0.0007,0.272,0.5727,0.1553,0.0433,0.0012,0.013963733044563826,-0.06766500189981133,0.08977221457192176,0.011840216203476304,0.0621001465577147,0.2389,0.2511,Warner Music Group
PEP,0.6501,0.0636,0.0002,0.2876,0.6095,0.1029,0.015,0.0,0.02080833787643832,-0.05111723328551374,0.0872679209249054,0.019491544665204724,0.05376966246932818,0.2502,0.1895,PepsiCo
FUN,0.6181,0.0615,0.0005,0.2767,0.5948,0.1285,0.0247,0.0007,0.017737117397840667,-0.0587906330028124,0.08668778376394375,0.015506676097780697,0.05684456299342384,0.2412,0.2227,Six Flags Entertainment
GOOGL,0.5792,0.06,0.0002,0.2536,0.5971,0.1493,0.0351,0.0004,0.012325021920007308,-0.06519190675167527,0.08582074381991582,0.010717351365738734,0.05886375698918284,0.2227,0.2548,Alphabet
LULU,0.5786,0.0579,0.0002,0.2435,0.6137,0.1428,0.0259,0.0003,0.011108498672155905,-0.06201382772645733,0.08373427637043987,0.010910236347519317,0.056964834363533896,0.2142,0.2472,Lululemon
TPX,0.6117,0.0579,0.0001,0.265,0.6135,0.1215,0.0192,0.0003,0.015529642552649178,-0.05577368307944092,0.0836421161304878,0.014817287889867635,0.05458957569438097,0.23,0.222,Tempur Sealy International
ETSY,0.5778,0.0553,0.0001,0.2413,0.6184,0.1403,0.0252,0.0004,0.010947253900955946,-0.060358280193177,0.08131418075866849,0.010585036525777986,0.0559947916693986,0.2098,0.2433,Etsy
BKNG,0.5687,0.0497,0.0003,0.2298,0.6174,0.1528,0.0321,0.0002,0.010490645614798288,-0.0651319802681316,0.07986630809134945,0.008155968189309998,0.056922076789695145,0.2003,0.2656,Booking Holdings
DUOL,0.5915,0.0488,0.0003,0.2397,0.6414,0.1189,0.0176,0.0001,0.012682958129400589,-0.05535017486835241,0.07996609070499941,0.012214434424238568,0.053268402631157494,0.2047,0.224,Duolingo
RMD,0.5821,0.0466,0.0001,0.229,0.6411,0.1299,0.0224,0.0002,0.011221198795127282,-0.05916722769542824,0.07826827132413493,0.010409689847063459,0.053958635889012695,0.2058,0.2429,ResMed
PINS,0.5773,0.0455,0.0001,0.2247,0.6357,0.1396,0.0263,0.0003,0.010189047581827242,-0.06180634539010504,0.0786995405799487,0.008911794814428473,0.05490286164431357,0.1947,0.248,Pinterest
AFRM,0.5971,0.0428,0.0001,0.2285,0.6588,0.1127,0.0149,0.0,0.012408930174734753,-0.05393752785790925,0.07748640642893022,0.012388745806579211,0.051119296393726275,0.1941,0.2127,Affirm
EXPE,0.5545,0.0424,0.0003,0.2161,0.6424,0.1415,0.0243,0.0001,0.007273335151828466,-0.06151566199963165,0.07710216350318964,0.007566959460556458,0.05406813391442144,0.1877,0.2602,Expedia Group
ACHC,0.5577,0.0408,0.0,0.2192,0.6317,0.1491,0.0274,0.0001,0.008462798544750624,-0.06351251308764379,0.07553067834486801,0.00708918642521312,0.054530914566547586,0.1906,0.2702,Acadia Healthcare
HIMS,0.5801,0.0387,0.0,0.2153,0.6663,0.1184,0.0146,0.0,0.009871996175362989,-0.05535526050295542,0.07487571994399839,0.009891534895986735,0.05072164865849299,0.1807,0.2288,Hims & Hers
ROST,0.54,0.0361,0.0001,0.1967,0.6576,0.1457,0.0225,0.0,0.005199490102817884,-0.06187759946157043,0.07160230074110681,0.0050726274825872225,0.052719827005300035,0.1738,0.2676,Ross Stores
TJX,0.5524,0.036,0.0,0.2054,0.6522,0.1424,0.0263,0.0002,0.0069385467509506015,-0.062287582979892696,0.07331360141025202,0.006260794689432769,0.05308450671621938,0.1804,0.258,TJX Companies
ELF,0.5619,0.0352,0.0001,0.2054,0.6631,0.1315,0.0215,0.0,0.008267994160877229,-0.0585936466919927,0.07394930521042366,0.007497022147374068,0.05191056793561815,0.1784,0.2508,e.l.f. Beauty
WING,0.5342,0.0271,0.0001,0.1687,0.6866,0.1447,0.0181,0.0,0.003929575313613173,-0.06071385240907532,0.06625528707665967,0.0030863729042282747,0.04969481948241009,0.151,0.2773,Wingstop
VST,0.5498,0.0252,0.0,0.1689,0.7083,0.1228,0.0127,0.0,0.006228645201072884,-0.056055350970026625,0.0660116656831609,0.00528955561226289,0.047576920985579266,0.1452,0.2496,Vista Outdoor / Revelyst
DPZ,0.5308,0.0243,0.0001,0.1737,0.685,0.1413,0.0182,0.0,0.003590433542522321,-0.060155619982072965,0.0665867929616622,0.0034528534656589607,0.04937901972516831,0.1499,0.2686,Domino's Pizza
NFLX,0.5209,0.0216,0.0001,0.1586,0.699,0.1424,0.0182,0.0,0.0023552444181152966,-0.06052730561712784,0.06387738610582232,0.0020346629330438557,0.048480842310657336,0.1407,0.2752,Netflix
MTCH,0.3026,0.0196,0.0002,0.1006,0.5301,0.3693,0.1207,0.0022,-0.029916353362576933,-0.10642533243831845,0.05009852986948572,-0.02939939166065934,0.061109362497206346,0.0873,0.525,Match Group
BMBL,0.3459,0.0182,0.0003,0.1064,0.5788,0.3148,0.0823,0.0005,-0.022537867902283328,-0.09386258253579058,0.05183807022607963,-0.021595796328622754,0.05711640764731007,0.091,0.4612,Bumble
SAM,0.4752,0.0176,0.0,0.145,0.6766,0.1784,0.0282,0.0,-0.0033342753383246862,-0.06692771003991668,0.060134921025380206,-0.003209390414662067,0.04994768577618085,0.1235,0.3164,Boston Beer
TAP,0.3543,0.0106,0.0001,0.0933,0.6301,0.2766,0.0609,0.0001,-0.019780326583792897,-0.08540780379979333,0.04799879903939459,-0.019179890185610664,0.051783537264445186,0.0801,0.4457,Molson Coors
BUD,0.3247,0.01,0.0,0.0799,0.606,0.3141,0.0712,0.0004,-0.024020121242911238,-0.09030567997383822,0.04389645920380321,-0.02363564772717791,0.052417713138527826,0.0708,0.4755,Anheuser-Busch InBev
STZ,0.3422,0.0079,0.0,0.0806,0.6295,0.2899,0.0623,0.0,-0.02230396865008807,-0.08732616087225621,0.044085498278387404,-0.021627717268237156,0.051010891230831676,0.0692,0.4645,Constellation Brands
