fips,heart_disease_death_rate,stroke_death_rate,diabetes_prevalence_pct
01001,401.0,110.7,11.4
01003,353.7,81.5,10.4
01005,575.2,93.7,16.5
01007,503.7,111.0,13.9
01009,463.6,108.2,11.3
01011,473.7,108.2,21.3
01013,425.9,138.3,15.2
01015,616.2,82.8,12.9
01017,377.3,134.2,14.5
01019,421.9,82.4,11.8
01021,481.5,103.8,12.0
01023,545.8,109.1,15.0
01025,461.4,94.0,14.9
01027,516.2,99.0,12.9
01029,534.9,83.0,11.7
01031,526.7,97.7,12.7
01033,484.8,102.2,12.1
01035,480.3,123.0,16.8
01037,453.2,96.0,13.5
01039,524.2,104.5,12.8
01041,523.4,109.7,13.4
01043,559.4,88.2,11.0
01045,427.8,82.8,13.7
01047,638.5,111.0,18.1
01049,478.6,118.4,13.3
01051,480.4,103.7,11.4
01053,432.7,103.3,15.6
01055,528.0,109.1,13.4
01057,432.2,111.7,13.1
01059,501.8,104.2,13.9
01061,432.1,93.7,13.0
01063,476.8,109.7,21.1
01065,476.3,105.8,16.3
01067,385.3,79.5,12.8
01069,374.9,74.9,13.1
01071,548.8,92.4,12.7
01073,383.5,124.9,13.5
01075,416.1,125.6,12.9
01077,373.9,99.8,11.0
01079,468.9,102.0,12.5
01081,294.6,84.3,12.7
01083,462.9,95.5,10.9
01085,468.2,117.5,19.4
01087,612.1,102.2,17.7
01089,404.6,91.8,10.9
01091,539.3,107.5,16.1
01093,494.4,109.4,12.3
01095,461.8,105.2,12.4
01097,470.1,117.1,14.1
01099,396.1,106.2,15.6
01101,330.5,109.7,14.8
01103,491.4,99.4,12.3
01105,526.2,108.1,20.5
01107,491.0,117.8,15.2
01109,461.9,105.3,14.6
01111,534.1,96.7,12.7
01113,347.0,117.6,15.3
01115,400.4,110.1,10.9
01117,304.3,95.3,9.6
01119,457.5,113.7,18.2
01121,522.7,100.5,14.2
01123,482.1,92.7,12.7
01125,441.1,113.5,12.4
01127,802.6,113.9,12.2
01129,410.5,104.9,13.3
01131,591.6,95.5,19.1
01133,466.3,92.1,12.7
02013,182.4,21.0,12.9
02016,172.6,15.3,11.4
02020,255.6,68.8,8.8
02050,343.4,91.6,14.7
02060,,,9.1
02063,,,8.0
02066,,,8.9
02068,218.6,78.6,7.7
02070,363.3,129.6,12.5
02090,283.5,100.2,8.3
02100,225.4,68.8,7.7
02105,211.5,70.1,10.4
02110,228.9,71.2,7.8
02122,260.9,68.5,7.9
02130,275.3,31.0,8.6
02150,268.2,62.2,9.3
02158,52.2,49.2,18.0
02164,277.9,69.7,12.6
02170,223.2,74.6,8.3
02180,442.1,100.2,13.7
02185,278.8,57.9,11.0
02188,404.7,73.8,14.6
02195,218.8,57.1,8.5
02198,279.5,54.1,11.0
02220,148.6,63.1,8.4
02230,,,7.8
02240,290.3,89.4,9.0
02261,273.8,69.9,
02275,265.4,,9.1
02282,,,10.6
02290,273.4,87.8,13.9
04001,272.1,76.1,15.3
04003,301.9,68.9,10.6
04005,211.1,55.5,9.8
04007,350.8,64.9,10.5
04009,294.2,70.4,10.9
04011,305.1,70.4,10.1
04012,382.4,66.4,11.5
04013,262.5,63.7,9.6
04015,383.0,74.4,9.7
04017,307.0,87.2,12.3
04019,265.0,67.8,9.5
04021,237.8,55.3,10.9
04023,222.6,68.7,13.2
04025,268.6,63.0,8.0
04027,258.5,62.2,12.9
05001,421.3,125.3,12.1
05003,473.8,111.8,14.2
05005,374.4,80.4,10.3
05007,335.5,67.1,9.8
05009,522.8,65.0,10.4
05011,534.2,116.0,14.3
05013,454.6,131.7,11.3
05015,430.4,65.5,11.4
05017,458.7,117.4,16.1
05019,445.2,99.9,12.9
05021,441.8,82.3,11.1
05023,307.8,80.3,10.7
05025,446.8,112.4,11.6
05027,436.9,111.0,13.5
05029,383.2,93.8,12.4
05031,459.6,76.2,11.2
05033,421.1,86.8,10.9
05035,454.6,95.2,14.8
05037,455.8,89.4,13.4
05039,449.4,134.4,12.7
05041,590.3,119.3,17.1
05043,410.9,110.2,13.5
05045,382.1,98.7,10.9
05047,463.2,92.2,11.7
05049,388.6,86.0,12.4
05051,434.9,79.8,11.1
05053,396.5,80.6,9.8
05055,375.4,104.1,11.0
05057,463.1,129.9,13.6
05059,462.6,80.6,11.6
05061,521.2,111.4,12.5
05063,535.8,76.0,11.4
05065,411.6,76.6,12.0
05067,459.1,85.1,13.7
05069,487.4,102.9,15.1
05071,447.7,92.9,12.4
05073,455.3,106.9,15.3
05075,444.3,87.5,12.0
05077,457.6,95.7,17.1
05079,506.9,109.6,13.5
05081,495.3,114.3,12.4
05083,456.7,92.7,11.3
05085,322.5,115.4,10.1
05087,567.2,71.7,11.3
05089,423.8,79.5,11.1
05091,525.7,118.5,13.1
05093,576.6,92.3,13.4
05095,567.9,123.5,14.3
05097,396.0,85.1,11.4
05099,449.3,112.3,14.2
05101,472.1,81.4,10.9
05103,435.4,120.9,13.9
05105,391.1,86.9,10.8
05107,330.7,128.4,17.2
05109,436.3,94.1,11.4
05111,585.0,84.9,12.1
05113,448.5,90.6,11.8
05115,419.7,89.0,11.4
05117,425.9,79.4,11.3
05119,344.0,88.0,11.5
05121,392.2,86.7,12.2
05123,482.9,84.9,16.6
05125,348.2,83.6,9.5
05127,429.5,90.0,11.7
05129,399.8,82.4,12.5
05131,431.0,91.2,11.5
05133,455.4,93.1,13.7
05135,459.1,73.4,11.7
05137,336.0,75.7,12.0
05139,412.6,121.0,13.0
05141,340.0,87.4,11.5
05143,671.6,59.6,10.7
05145,490.7,82.4,10.9
05147,507.5,89.5,13.7
05149,509.7,87.3,12.2
06001,213.4,80.3,10.1
06003,336.9,63.1,8.5
06005,312.6,73.3,8.6
06007,326.9,82.5,9.9
06009,300.0,66.8,9.1
06011,304.8,81.7,12.2
06013,200.5,86.3,9.6
06015,305.8,89.3,10.2
06017,248.4,64.9,8.0
06019,341.7,82.9,12.4
06021,316.8,74.4,11.1
06023,308.4,195.4,10.0
06025,257.7,65.2,14.6
06027,333.6,77.8,9.4
06029,383.2,76.9,13.3
06031,334.4,85.0,12.9
06033,314.4,69.1,10.7
06035,354.6,80.4,10.6
06037,292.7,68.2,11.6
06039,287.6,78.6,12.8
06041,170.1,53.8,7.5
06043,312.0,79.7,9.4
06045,278.1,66.1,10.4
06047,308.5,84.0,13.3
06049,345.4,90.5,10.3
06051,223.8,72.8,8.9
06053,213.6,72.6,11.6
06055,243.8,68.3,9.3
06057,251.3,73.7,8.0
06059,252.2,71.5,10.1
06061,235.5,90.6,7.9
06063,342.6,73.3,9.0
06065,338.7,77.3,11.3
06067,280.4,94.0,10.3
06069,230.9,78.2,10.5
06071,368.5,87.5,11.8
06073,243.1,87.5,9.4
06075,211.8,63.3,9.3
06077,304.1,99.8,11.7
06079,217.3,115.5,8.6
06081,204.4,62.1,9.0
06083,251.1,79.5,10.3
06085,182.8,60.3,9.8
06087,195.4,65.3,9.0
06089,375.7,74.6,9.4
06091,320.2,91.2,10.1
06093,310.0,85.1,9.9
06095,218.0,94.0,10.5
06097,229.9,69.4,8.6
06099,355.3,83.5,11.2
06101,284.7,99.2,11.4
06103,362.6,74.4,10.6
06105,315.7,61.5,10.7
06107,361.3,87.4,13.1
06109,302.6,73.3,8.9
06111,254.3,69.6,9.9
06113,242.3,77.8,10.1
06115,348.5,107.1,11.0
08001,266.1,75.1,9.9
08003,288.8,72.1,11.2
08005,220.9,65.4,8.0
08007,258.2,69.6,8.0
08009,296.9,67.5,10.0
08011,369.9,70.9,13.1
08013,211.5,71.6,6.7
08014,221.5,63.0,6.5
08015,206.5,39.4,7.8
08017,296.9,62.0,8.7
08019,214.5,59.1,6.8
08021,273.6,72.1,11.0
08023,224.3,56.4,12.1
08025,275.7,80.6,11.3
08027,262.1,67.1,7.8
08029,323.7,77.2,8.8
08031,264.3,69.2,7.8
08033,245.1,57.6,8.8
08035,178.3,55.4,6.0
08037,97.6,28.8,7.5
08039,206.7,63.3,6.9
08041,274.3,81.7,8.4
08043,302.5,66.7,9.3
08045,262.7,54.5,8.1
08047,232.5,64.6,7.3
08049,167.4,40.2,7.2
08051,240.9,58.1,7.1
08053,228.6,60.5,6.4
08055,268.2,71.0,9.4
08057,214.5,72.0,9.8
08059,261.0,67.7,7.2
08061,362.1,73.9,8.3
08063,273.3,57.7,9.1
08065,129.9,34.9,7.8
08067,250.0,68.2,7.5
08069,224.9,77.4,6.9
08071,261.9,72.6,10.4
08073,281.9,73.1,9.4
08075,259.5,55.3,9.8
08077,328.2,79.7,8.1
08079,226.3,70.4,7.3
08081,315.5,54.0,9.2
08083,254.0,68.3,8.9
08085,284.0,64.5,8.5
08087,253.6,58.9,9.9
08089,404.2,74.6,11.7
08091,179.9,36.7,6.6
08093,184.8,46.6,7.2
08095,282.3,51.1,9.6
08097,93.4,30.2,6.5
08099,329.6,72.7,10.8
08101,256.7,78.1,10.4
08103,274.2,54.5,8.0
08105,272.1,75.6,9.6
08107,128.5,41.6,6.8
08109,223.9,52.0,10.7
08111,215.3,58.4,7.8
08113,118.9,28.6,7.1
08115,279.5,54.7,9.0
08117,76.6,55.0,7.2
08119,241.9,72.3,7.1
08121,246.6,67.2,8.2
08123,235.5,58.8,9.3
08125,279.1,53.8,9.2
09001,249.5,48.4,
09003,283.2,52.5,
09005,267.0,54.8,
09007,276.5,53.2,
09009,280.2,63.0,
09011,280.0,53.6,
09013,297.4,54.0,
09015,332.8,54.1,
09110,,,9.2
09120,,,9.2
09130,,,7.3
09140,,,8.8
09150,,,8.0
09160,,,7.9
09170,,,9.2
09180,,,8.8
09190,,,7.4
10001,341.7,98.9,12.4
10003,291.6,111.2,10.7
10005,305.5,81.4,9.8
11001,352.3,77.9,8.5
12001,243.2,82.7,11.2
12003,317.0,106.0,11.0
12005,348.6,64.2,10.0
12007,307.2,90.3,12.4
12009,306.7,93.5,10.0
12011,264.9,109.3,11.4
12013,359.1,74.9,12.8
12015,217.0,57.0,9.8
12017,399.9,124.7,10.2
12019,278.4,107.0,10.3
12021,161.4,86.0,9.5
12023,301.9,95.5,12.4
12027,224.3,50.7,14.7
12029,302.2,83.7,12.3
12031,330.5,108.6,11.8
12033,333.8,106.7,11.4
12035,279.3,95.3,9.3
12037,340.9,90.9,11.2
12039,315.0,92.9,15.6
12041,271.0,85.7,10.2
12043,240.5,65.6,14.4
12045,348.7,65.4,10.9
12047,326.4,95.4,14.7
12049,283.1,136.3,14.4
12051,331.0,86.7,16.1
12053,335.2,66.2,11.2
12055,290.5,101.1,12.6
12057,311.9,66.5,11.5
12059,521.0,85.8,11.9
12061,262.8,98.0,9.5
12063,386.2,72.8,13.1
12065,306.4,78.0,12.2
12067,385.4,85.8,12.8
12069,297.7,81.9,10.9
12071,214.4,49.1,10.8
12073,281.5,76.5,11.3
12075,345.4,99.4,11.9
12077,326.7,77.4,13.0
12079,391.5,91.9,13.3
12081,247.6,55.8,10.1
12083,398.3,45.6,10.9
12085,216.4,91.0,9.4
12086,278.2,101.9,13.3
12087,239.3,72.0,9.7
12089,311.4,97.5,8.6
12091,288.6,92.3,9.6
12093,357.6,82.9,12.8
12095,281.4,105.4,11.5
12097,297.9,108.7,12.7
12099,243.2,74.8,10.6
12101,306.6,71.6,10.3
12103,272.4,64.9,9.8
12105,301.9,108.9,11.8
12107,313.8,76.8,13.4
12109,216.5,64.0,8.2
12111,262.9,108.6,11.2
12113,302.5,98.4,9.3
12115,210.8,54.1,8.4
12117,254.7,115.3,9.8
12119,248.9,56.6,9.1
12121,338.2,95.2,11.9
12123,357.9,86.9,12.8
12125,512.5,94.2,12.9
12127,336.3,100.5,10.3
12129,323.4,84.4,10.8
12131,276.9,74.0,9.7
12133,468.6,81.9,12.6
13001,421.2,88.8,14.6
13003,478.5,108.5,16.5
13005,486.0,97.8,13.0
13007,398.5,109.7,16.9
13009,548.9,84.1,14.5
13011,363.4,76.7,11.5
13013,306.8,91.4,11.6
13015,436.0,83.3,10.8
13017,503.0,88.4,16.0
13019,432.4,90.5,13.5
13021,514.8,83.4,15.2
13023,407.0,90.4,12.8
13025,437.0,92.2,11.9
13027,359.7,90.1,15.7
13029,358.2,84.4,9.8
13031,341.8,92.9,12.9
13033,430.3,91.3,15.2
13035,372.7,102.7,12.6
13037,410.2,106.9,17.1
13039,370.4,76.0,11.7
13043,426.3,88.6,13.9
13045,430.7,102.0,12.2
13047,338.6,81.7,10.3
13049,315.2,93.1,15.4
13051,355.9,82.5,12.1
13053,354.7,103.5,14.2
13055,501.8,79.3,13.5
13057,289.8,79.2,9.5
13059,342.9,88.1,13.3
13061,428.3,96.8,16.1
13063,366.4,106.0,16.1
13065,625.5,105.3,14.8
13067,266.2,96.1,10.1
13069,456.3,101.3,15.0
13071,327.0,99.4,14.8
13073,231.3,66.8,10.7
13075,465.8,97.6,14.4
13077,372.4,78.4,10.8
13079,460.3,86.9,12.1
13081,437.1,97.1,16.0
13083,491.0,94.3,10.2
13085,309.8,74.6,9.6
13087,497.2,100.7,15.3
13089,243.9,74.4,12.3
13091,390.2,87.4,13.9
13093,391.7,81.5,15.2
13095,326.6,104.3,17.1
13097,417.3,121.1,12.7
13099,531.6,79.3,15.4
13101,279.8,95.5,12.3
13103,364.8,85.4,10.6
13105,443.3,79.5,13.3
13107,534.1,105.3,14.7
13109,375.5,84.2,14.8
13111,345.9,82.6,11.1
13113,264.8,71.6,10.0
13115,522.5,86.3,12.6
13117,244.9,72.8,8.8
13119,528.7,85.5,12.4
13121,269.1,85.2,10.7
13123,363.2,74.1,10.8
13125,415.3,103.0,11.8
13127,340.5,69.8,12.0
13129,443.5,78.0,12.2
13131,375.3,84.5,14.0
13133,339.8,68.3,10.9
13135,232.3,74.0,12.0
13137,321.3,85.8,11.1
13139,283.5,77.2,11.8
13141,395.2,83.3,18.3
13143,500.5,104.0,11.0
13145,303.0,80.9,9.9
13147,380.1,80.4,11.9
13149,396.6,96.2,11.9
13151,360.7,88.1,12.4
13153,415.0,81.7,12.2
13155,474.5,93.3,13.5
13157,392.9,87.6,10.4
13159,365.7,98.7,12.1
13161,498.3,92.1,14.4
13163,498.3,100.8,15.5
13165,361.0,91.6,16.3
13167,451.7,93.3,15.3
13169,347.8,82.9,12.0
13171,411.8,99.9,12.1
13173,360.4,92.3,14.6
13175,455.1,94.5,13.9
13177,432.8,107.7,10.7
13179,359.0,81.4,13.9
13181,323.5,78.2,13.2
13183,325.3,73.6,13.0
13185,376.0,92.5,13.4
13187,318.3,78.9,10.8
13189,455.2,95.9,13.8
13191,298.6,69.8,14.5
13193,440.8,85.3,18.5
13195,391.0,82.8,12.4
13197,455.2,91.8,14.3
13199,503.5,103.2,14.0
13201,451.7,101.2,13.9
13205,374.6,106.3,15.6
13207,348.6,81.4,10.9
13209,384.7,110.2,13.5
13211,359.8,78.4,10.1
13213,404.6,87.4,11.6
13215,498.2,106.4,14.1
13217,369.4,104.6,13.3
13219,309.0,77.6,8.3
13221,346.3,79.5,11.4
13223,352.5,114.0,10.9
13225,456.7,88.3,13.4
13227,369.8,75.7,10.3
13229,460.5,95.3,12.1
13231,329.4,99.7,10.2
13233,541.9,105.7,12.5
13235,409.2,80.9,13.8
13237,381.9,84.1,12.7
13239,437.1,95.5,16.0
13241,318.3,92.2,10.9
13243,352.7,93.0,18.9
13245,491.0,91.7,15.9
13247,313.0,86.0,14.7
13249,310.5,97.2,12.1
13251,385.0,89.7,14.1
13253,430.3,77.2,13.4
13255,395.2,99.8,13.6
13257,467.6,102.4,12.1
13259,309.7,99.7,18.4
13261,438.5,95.6,15.1
13263,413.0,100.2,16.0
13265,377.0,79.3,15.7
13267,451.5,84.5,15.0
13269,377.7,99.9,16.0
13271,298.5,88.2,17.6
13273,382.8,108.7,17.3
13275,386.0,91.3,13.1
13277,484.4,97.7,14.3
13279,408.1,99.4,13.6
13281,328.2,80.5,10.3
13283,434.5,103.9,16.1
13285,513.3,132.0,13.3
13287,455.1,91.5,15.6
13289,517.8,84.7,13.7
13291,338.4,77.3,10.2
13293,556.6,115.6,13.5
13295,545.7,81.8,11.1
13297,392.3,88.3,11.3
13299,499.8,102.6,14.7
13301,453.7,106.7,15.5
13303,392.2,89.0,15.9
13305,383.6,74.4,14.1
13307,342.7,105.1,15.5
13309,341.8,90.8,15.1
13311,314.8,79.9,10.1
13313,387.4,71.7,13.0
13315,387.0,84.9,15.2
13317,427.0,88.7,14.4
13319,491.9,91.1,14.1
13321,333.5,103.0,13.6
15001,266.6,77.7,9.6
15003,232.5,77.4,10.5
15005,229.7,86.1,12.9
15007,239.9,77.7,9.3
15009,232.4,77.7,9.6
16001,267.7,72.3,8.0
16003,214.0,48.8,9.3
16005,369.2,73.3,9.1
16007,295.3,63.2,9.0
16009,282.7,72.2,10.0
16011,343.9,63.7,10.1
16013,162.8,56.4,7.7
16015,219.8,57.8,8.2
16017,263.4,72.0,8.4
16019,351.3,61.8,8.9
16021,249.7,69.0,9.4
16023,343.5,56.0,11.1
16025,276.7,53.5,8.4
16027,328.5,74.6,10.5
16029,353.6,68.7,8.7
16031,343.2,69.9,10.2
16033,325.4,75.2,11.5
16035,251.6,63.5,9.2
16037,256.6,53.5,9.0
16039,314.5,69.1,10.2
16041,298.3,70.3,8.5
16043,286.9,92.6,9.0
16045,379.1,75.7,8.7
16047,323.5,72.3,11.0
16049,263.9,52.8,8.8
16051,355.6,63.9,8.7
16053,323.8,72.7,11.7
16055,280.0,72.6,8.0
16057,240.8,52.8,8.4
16059,313.6,57.1,8.6
16061,258.0,62.3,10.5
16063,331.7,57.1,10.4
16065,450.9,67.4,10.7
16067,312.8,60.5,11.0
16069,288.6,61.8,8.8
16071,342.0,73.7,8.4
16073,312.2,73.1,11.1
16075,349.2,78.2,9.6
16077,305.2,70.7,10.6
16079,287.9,70.2,10.2
16081,190.6,48.7,8.0
16083,330.3,70.1,9.9
16085,140.6,29.5,9.2
16087,327.4,76.7,10.7
17001,295.8,72.2,9.6
17003,442.8,96.6,13.8
17005,385.4,105.0,10.3
17007,317.8,68.9,10.4
17009,337.3,100.9,11.4
17011,373.0,81.6,10.1
17013,324.4,66.0,8.5
17015,350.3,70.6,10.3
17017,365.2,73.3,11.2
17019,274.3,63.2,10.6
17021,336.2,62.5,10.1
17023,405.1,80.6,9.4
17025,429.0,91.6,10.9
17027,371.6,93.3,9.3
17029,329.4,66.7,10.4
17031,329.7,83.2,10.7
17033,395.0,75.9,9.9
17035,312.1,73.6,9.2
17037,309.4,82.5,10.6
17039,358.9,62.6,9.6
17041,290.0,63.4,9.8
17043,250.8,80.1,8.5
17045,405.7,67.4,10.2
17047,395.2,91.9,10.7
17049,296.2,80.4,9.2
17051,321.0,85.6,11.0
17053,363.7,90.8,10.0
17055,343.6,85.4,10.9
17057,377.9,83.2,10.4
17059,375.4,86.5,10.5
17061,389.7,79.2,10.2
17063,331.3,86.7,9.1
17065,374.9,96.3,10.7
17067,349.8,86.8,9.7
17069,420.1,100.0,10.5
17071,418.2,74.9,9.8
17073,375.2,73.1,9.2
17075,403.6,94.1,10.6
17077,339.8,73.6,11.8
17079,317.9,84.2,9.1
17081,390.4,96.6,10.6
17083,416.9,73.6,9.2
17085,297.6,60.2,9.0
17087,305.8,68.8,11.3
17089,251.7,86.1,10.1
17091,435.2,86.6,11.3
17093,248.3,82.0,9.1
17095,380.5,80.9,10.9
17097,251.5,63.0,9.8
17099,359.2,83.5,10.0
17101,338.5,96.1,11.2
17103,356.7,81.1,10.2
17105,368.4,81.6,9.9
17107,334.9,64.2,9.9
17109,392.1,109.0,10.8
17111,289.5,70.7,8.8
17113,324.5,61.3,9.5
17115,337.9,62.4,10.8
17117,370.4,98.1,9.9
17119,388.3,124.5,9.5
17121,420.1,96.9,10.6
17123,354.5,81.9,9.7
17125,334.0,75.8,10.0
17127,330.3,85.7,10.8
17129,313.7,61.7,9.0
17131,345.7,69.8,9.6
17133,338.2,85.6,7.8
17135,341.1,110.7,10.1
17137,450.3,66.5,10.3
17139,329.2,63.5,9.5
17141,326.1,76.8,9.7
17143,337.6,79.4,10.9
17145,349.6,76.4,11.2
17147,320.5,62.3,8.4
17149,314.9,78.3,10.4
17151,300.7,79.0,9.8
17153,431.7,93.6,14.5
17155,359.6,82.8,8.9
17157,347.6,87.6,10.5
17159,374.1,86.5,9.9
17161,350.5,69.9,10.8
17163,363.6,112.2,11.2
17165,377.6,83.7,10.6
17167,330.4,60.1,9.8
17169,351.3,104.3,11.0
17171,395.6,69.8,9.4
17173,326.9,67.8,9.6
17175,360.6,81.1,9.7
17177,309.4,74.1,10.4
17179,324.3,72.8,9.1
17181,449.4,89.3,10.9
17183,365.1,89.7,11.7
17185,336.5,96.0,10.4
17187,407.2,84.8,10.3
17189,359.9,103.2,9.0
17191,390.6,101.5,10.5
17193,380.3,85.2,11.1
17195,374.1,72.7,10.2
17197,312.6,85.4,9.5
17199,301.2,76.1,10.0
17201,359.9,86.0,11.7
17203,332.8,76.4,8.6
18001,296.7,84.4,12.1
18003,323.1,89.0,11.8
18005,316.2,80.2,11.0
18007,384.9,79.5,11.9
18009,367.6,99.6,12.7
18011,347.7,66.5,9.3
18013,301.0,71.9,10.3
18015,267.1,61.1,10.9
18017,271.0,73.6,12.7
18019,382.4,77.1,10.9
18021,441.7,76.5,11.5
18023,312.2,86.1,11.7
18025,374.9,92.3,13.5
18027,369.4,86.5,12.0
18029,337.5,83.8,9.9
18031,354.6,87.7,10.4
18033,334.3,87.8,10.8
18035,390.1,98.9,12.9
18037,362.5,89.6,10.7
18039,332.6,90.5,12.2
18041,457.6,92.5,12.3
18043,346.8,74.3,10.6
18045,387.5,81.3,11.2
18047,318.2,94.0,10.7
18049,378.2,88.7,11.5
18051,377.8,80.9,10.8
18053,360.6,100.1,13.0
18055,370.3,71.0,11.6
18057,244.7,71.0,8.6
18059,284.9,81.9,9.5
18061,322.6,73.3,10.2
18063,309.3,70.1,9.9
18065,358.7,94.0,11.2
18067,425.0,82.4,11.8
18069,326.7,98.7,11.1
18071,359.1,87.8,11.6
18073,411.4,72.3,10.3
18075,321.2,86.8,12.2
18077,399.2,84.0,11.1
18079,379.3,89.7,11.9
18081,345.6,80.2,10.7
18083,384.9,97.8,11.4
18085,348.2,90.6,10.9
18087,339.5,88.5,11.1
18089,394.3,79.2,12.9
18091,415.7,73.8,12.5
18093,359.9,77.1,11.0
18095,339.7,85.2,11.8
18097,347.1,79.4,12.8
18099,368.7,88.6,11.5
18101,368.0,83.2,11.5
18103,352.1,85.1,12.5
18105,303.6,67.2,11.0
18107,426.2,57.8,11.2
18109,383.8,80.0,10.9
18111,405.6,81.2,11.4
18113,340.9,86.9,11.1
18115,275.3,69.0,10.5
18117,374.2,89.6,11.5
18119,382.5,76.3,11.1
18121,361.2,73.2,12.2
18123,368.2,94.9,11.1
18125,358.4,81.8,11.2
18127,326.6,66.6,10.6
18129,349.5,82.5,10.0
18131,403.6,76.5,11.4
18133,336.8,73.0,11.1
18135,387.8,96.1,11.5
18137,375.6,80.8,10.2
18139,370.4,92.8,11.5
18141,334.9,90.2,11.7
18143,394.4,88.7,11.8
18145,330.2,81.0,11.3
18147,370.5,86.6,10.4
18149,460.0,75.7,11.8
18151,333.2,74.6,10.6
18153,432.9,71.6,12.0
18155,356.1,71.9,11.7
18157,277.9,63.4,11.6
18159,344.4,80.1,10.4
18161,361.7,101.2,10.1
18163,360.9,83.6,11.2
18165,435.5,106.1,11.5
18167,462.1,91.5,12.8
18169,338.2,101.8,10.8
18171,351.5,84.5,10.9
18173,361.6,84.1,9.5
18175,392.2,81.2,11.9
18177,450.3,88.7,12.1
18179,326.1,92.4,10.4
18181,352.8,64.8,11.4
18183,320.2,87.1,10.2
19001,322.1,62.5,9.9
19003,393.9,73.8,9.5
19005,416.2,61.4,9.8
19007,397.7,96.0,11.5
19009,298.5,42.2,9.8
19011,316.5,51.7,8.6
19013,320.2,64.6,10.8
19015,357.0,64.7,8.9
19017,317.5,54.7,8.4
19019,317.0,56.8,8.9
19021,327.7,56.6,11.7
19023,351.8,71.0,9.5
19025,339.7,61.5,9.6
19027,311.6,52.1,9.3
19029,391.3,66.2,10.5
19031,293.5,65.9,9.2
19033,361.3,57.9,9.5
19035,332.8,59.8,10.2
19037,442.4,90.3,9.5
19039,385.2,78.3,11.6
19041,324.4,57.0,9.5
19043,298.4,58.8,10.1
19045,352.7,70.9,10.0
19047,267.3,66.8,12.2
19049,274.8,65.6,8.5
19051,372.9,83.2,9.7
19053,400.4,80.4,10.6
19055,317.4,54.9,9.5
19057,354.0,74.0,9.8
19059,319.9,56.9,8.5
19061,304.2,57.5,8.8
19063,334.6,54.4,10.0
19065,384.7,62.2,10.1
19067,348.7,65.9,9.8
19069,354.1,60.4,10.9
19071,320.6,74.9,9.3
19073,306.9,59.2,9.8
19075,364.9,67.0,8.6
19077,274.5,56.8,9.1
19079,295.9,52.2,9.5
19081,357.6,53.3,9.6
19083,369.1,59.4,9.9
19085,299.5,63.0,9.7
19087,377.7,70.3,10.2
19089,538.2,71.4,9.7
19091,338.5,55.6,10.2
19093,333.4,67.4,9.6
19095,327.7,59.3,9.1
19097,326.5,65.3,9.6
19099,282.2,65.1,9.7
19101,382.6,73.6,10.1
19103,277.7,48.4,9.7
19105,305.7,57.8,9.4
19107,313.5,78.2,10.4
19109,340.5,51.6,9.7
19111,422.7,76.4,10.0
19113,294.9,54.2,9.7
19115,301.3,57.4,10.1
19117,362.1,80.5,10.6
19119,249.1,62.3,9.8
19121,291.3,66.9,8.5
19123,409.0,81.0,9.7
19125,330.0,68.9,8.7
19127,469.1,60.2,10.8
19129,286.4,64.0,8.8
19131,390.4,76.0,9.3
19133,540.8,63.5,9.9
19135,423.3,84.6,9.1
19137,465.6,67.4,9.9
19139,302.8,57.7,10.3
19141,317.7,52.3,10.0
19143,279.6,50.8,10.6
19145,371.4,68.2,10.6
19147,317.4,54.1,9.4
19149,214.1,57.0,9.0
19151,368.1,58.6,9.8
19153,318.2,67.0,9.6
19155,341.6,67.7,9.7
19157,318.0,70.7,9.5
19159,394.3,74.2,9.1
19161,336.1,59.5,9.2
19163,328.8,68.6,9.4
19165,332.8,53.9,9.3
19167,226.4,48.8,8.9
19169,250.4,53.1,9.8
19171,390.0,64.8,10.7
19173,382.4,65.6,10.0
19175,361.9,71.9,9.8
19177,409.2,78.2,10.5
19179,446.6,84.9,11.5
19181,327.0,68.9,8.4
19183,295.6,53.9,9.6
19185,396.6,97.6,10.0
19187,411.0,61.4,10.1
19189,346.0,53.3,9.3
19191,264.2,55.7,8.5
19193,308.7,68.9,11.0
19195,324.6,62.3,9.4
19197,367.6,59.1,10.9
20001,367.2,75.1,10.1
20003,342.7,75.0,10.2
20005,345.0,67.6,10.0
20007,456.2,142.5,10.0
20009,341.8,66.2,10.8
20011,383.5,76.7,10.4
20013,385.0,84.1,10.3
20015,338.2,75.7,9.3
20017,346.7,69.9,10.8
20019,402.1,68.5,11.3
20021,508.2,86.6,10.6
20023,266.0,58.1,11.1
20025,374.2,87.6,9.5
20027,305.4,66.9,9.7
20029,349.9,67.4,10.0
20031,358.8,78.2,9.7
20033,426.4,103.1,9.7
20035,373.2,74.7,10.9
20037,418.8,83.8,10.8
20039,309.5,58.4,9.4
20041,308.9,70.3,9.3
20043,349.1,85.0,9.4
20045,269.1,62.3,9.2
20047,368.5,81.8,11.1
20049,384.0,80.8,11.0
20051,273.2,59.2,9.7
20053,311.0,74.4,9.6
20055,240.9,78.6,12.9
20057,352.1,98.1,12.9
20059,347.0,65.2,9.6
20061,482.8,62.5,12.2
20063,296.8,68.5,9.2
20065,319.5,45.2,10.2
20067,355.6,65.1,10.6
20069,250.3,85.6,9.8
20071,295.2,67.1,9.3
20073,356.9,75.5,10.2
20075,341.2,59.2,10.6
20077,369.0,91.2,11.4
20079,327.2,77.4,10.0
20081,280.3,69.8,11.5
20083,342.5,86.1,8.8
20085,346.8,69.5,9.7
20087,312.9,62.5,8.7
20089,350.1,79.0,10.7
20091,244.5,62.2,8.3
20093,270.3,66.4,11.2
20095,441.2,120.1,9.6
20097,378.6,95.5,9.3
20099,440.0,81.2,10.7
20101,249.9,83.4,9.6
20103,338.5,55.5,9.6
20105,298.5,80.4,10.2
20107,356.6,78.8,9.2
20109,263.0,63.4,10.0
20111,335.6,66.6,11.2
20113,294.5,78.0,8.8
20115,305.5,75.5,9.5
20117,281.4,67.0,9.8
20119,344.7,86.2,10.3
20121,294.2,64.4,8.8
20123,339.4,76.7,9.8
20125,475.5,76.3,11.1
20127,347.1,60.2,9.6
20129,438.1,50.6,11.1
20131,270.4,77.3,9.0
20133,414.3,78.9,10.6
20135,277.4,74.1,9.9
20137,295.9,57.7,10.8
20139,319.8,68.7,9.6
20141,308.2,65.2,10.0
20143,292.2,74.8,9.4
20145,337.2,72.1,10.0
20147,294.5,62.8,9.9
20149,310.1,68.0,8.5
20151,380.8,75.1,9.9
20153,297.4,49.7,10.4
20155,308.1,79.2,10.9
20157,360.4,72.9,10.3
20159,307.9,73.3,10.0
20161,279.4,63.7,10.4
20163,284.7,55.8,9.2
20165,311.2,62.5,10.0
20167,335.9,64.4,10.2
20169,282.7,78.3,10.1
20171,246.2,74.4,9.5
20173,333.3,77.1,10.9
20175,352.7,56.6,13.6
20177,329.9,65.3,10.3
20179,285.9,45.6,8.9
20181,275.4,53.7,10.1
20183,299.1,74.0,9.2
20185,322.5,71.1,10.1
20187,329.4,58.8,12.5
20189,300.8,52.5,12.8
20191,362.1,56.8,9.9
20193,274.8,49.7,9.0
20195,274.1,47.4,8.7
20197,306.0,66.1,8.9
20199,262.9,49.0,10.2
20201,308.6,67.7,8.9
20203,286.0,70.7,11.4
20205,393.2,83.7,10.4
20207,369.0,76.6,9.8
20209,366.7,84.3,13.9
21001,421.4,100.4,
21003,365.1,86.7,
21005,360.7,90.4,
21007,456.4,92.1,
21009,384.1,92.0,
21011,468.0,119.3,
21013,569.9,103.9,
21015,290.3,74.2,
21017,373.6,94.1,
21019,512.5,89.7,
21021,349.0,86.7,
21023,380.5,105.0,
21025,780.2,95.1,
21027,355.1,91.3,
21029,302.2,62.8,
21031,374.9,93.3,
21033,504.9,95.3,
21035,415.4,88.2,
21037,315.3,92.4,
21039,361.7,97.0,
21041,416.7,75.3,
21043,439.3,88.8,
21045,296.2,67.2,
21047,487.6,86.6,
21049,423.4,90.7,
21051,556.0,88.1,
21053,401.4,89.9,
21055,532.8,105.9,
21057,449.2,99.8,
21059,388.9,85.2,
21061,367.9,88.3,
21063,385.4,88.4,
21065,490.7,100.7,
21067,276.8,80.0,
21069,425.0,111.1,
21071,562.4,97.3,
21073,404.1,87.2,
21075,578.4,99.2,
21077,416.2,71.6,
21079,325.0,85.6,
21081,393.2,86.7,
21083,370.2,93.8,
21085,377.2,92.5,
21087,421.3,107.3,
21089,400.1,90.7,
21091,405.9,93.2,
21093,316.3,80.9,
21095,632.4,132.7,
21097,447.3,107.4,
21099,419.5,88.6,
21101,384.2,88.0,
21103,321.0,67.1,
21105,448.8,95.3,
21107,495.6,93.4,
21109,597.3,74.4,
21111,347.0,73.9,
21113,274.4,80.1,
21115,409.0,125.0,
21117,305.4,85.1,
21119,434.2,100.5,
21121,445.8,89.8,
21123,342.3,87.7,
21125,473.3,80.8,
21127,422.2,94.5,
21129,485.0,104.1,
21131,544.2,115.4,
21133,455.2,104.6,
21135,461.2,96.8,
21137,357.6,90.1,
21139,392.0,89.4,
21141,424.5,76.3,
21143,384.7,92.8,
21145,354.3,93.7,
21147,545.6,81.1,
21149,458.7,87.4,
21151,355.3,86.1,
21153,533.7,80.1,
21155,335.8,87.2,
21157,371.1,88.5,
21159,478.8,104.9,
21161,454.6,108.3,
21163,344.2,73.6,
21165,332.5,101.9,
21167,369.3,83.0,
21169,429.2,105.9,
21171,455.7,94.6,
21173,496.1,99.4,
21175,348.5,106.4,
21177,488.9,73.4,
21179,337.8,74.1,
21181,442.0,118.2,
21183,456.7,93.6,
21185,295.7,63.5,
21187,406.7,92.3,
21189,606.9,86.6,
21191,395.6,93.1,
21193,776.8,117.2,
21195,474.7,95.4,
21197,555.6,105.3,
21199,399.9,70.6,
21201,464.5,120.6,
21203,447.6,71.0,
21205,377.7,92.9,
21207,423.5,88.2,
21209,415.4,98.5,
21211,333.2,56.2,
21213,447.8,84.8,
21215,346.1,60.4,
21217,418.2,107.2,
21219,433.3,84.3,
21221,523.2,85.1,
21223,411.6,72.6,
21225,370.1,95.1,
21227,369.1,83.2,
21229,355.7,86.4,
21231,373.6,77.4,
21233,449.0,99.9,
21235,602.0,85.3,
21237,669.7,112.3,
21239,322.5,76.3,
22001,487.3,111.8,14.3
22003,465.9,102.7,14.3
22005,357.4,70.0,11.2
22007,402.9,83.3,13.4
22009,553.2,104.4,15.2
22011,502.2,102.7,11.8
22013,380.9,110.9,17.5
22015,377.2,100.6,12.1
22017,329.0,105.6,14.5
22019,587.9,126.3,12.5
22021,658.2,83.9,14.2
22023,512.2,124.8,10.6
22025,667.2,94.6,15.0
22027,368.9,90.0,18.8
22029,593.7,97.7,16.8
22031,380.6,100.4,14.6
22033,413.0,103.4,13.6
22035,506.2,92.5,21.3
22037,569.7,97.4,13.2
22039,507.9,106.6,15.0
22041,820.8,85.2,15.1
22043,420.2,114.3,12.7
22045,517.1,103.7,14.7
22047,361.9,103.0,14.4
22049,444.9,85.1,14.4
22051,351.9,76.4,13.6
22053,472.3,128.2,12.6
22055,384.2,87.5,11.9
22057,388.3,80.2,12.7
22059,456.5,107.5,12.4
22061,289.9,83.6,15.1
22063,409.6,87.7,11.7
22065,616.4,89.6,19.6
22067,579.0,145.1,16.8
22069,426.5,121.6,14.8
22071,338.9,75.9,14.4
22073,348.5,85.0,13.9
22075,340.6,75.4,12.4
22077,457.6,98.6,13.3
22079,575.3,113.4,13.4
22081,367.2,107.0,16.1
22083,577.1,94.1,15.0
22085,414.4,93.5,14.3
22087,335.4,78.7,14.3
22089,392.8,78.7,11.3
22091,417.8,96.7,16.2
22093,416.8,83.7,13.4
22095,488.6,96.3,14.9
22097,507.6,95.2,15.7
22099,470.4,95.9,13.1
22101,460.3,92.0,14.7
22103,313.6,75.9,10.9
22105,457.0,87.3,13.5
22107,707.7,91.4,18.1
22109,400.6,85.0,13.2
22111,301.9,77.4,14.3
22113,513.2,91.9,12.8
22115,585.4,96.2,12.6
22117,476.5,98.3,14.9
22119,433.3,108.7,15.7
22121,339.5,90.1,12.6
22123,542.6,95.8,12.9
22125,337.3,78.0,12.8
22127,535.8,102.1,14.7
23001,321.3,74.0,10.3
23003,283.5,69.9,10.7
23005,249.5,54.2,7.4
23007,287.0,77.3,8.8
23009,272.3,60.0,8.1
23011,296.1,77.9,9.4
23013,294.6,65.5,8.0
23015,270.5,69.3,8.1
23017,276.6,62.2,10.1
23019,319.2,60.8,9.5
23021,326.3,66.5,9.6
23023,267.0,56.7,8.0
23025,335.4,75.4,10.4
23027,305.1,70.4,8.6
23029,332.0,70.4,10.7
23031,254.1,53.6,8.0
24001,411.3,84.8,11.3
24003,304.6,111.3,9.1
24005,349.4,89.3,11.3
24009,319.0,81.6,9.1
24011,384.4,75.1,11.8
24013,311.5,72.7,8.5
24015,400.8,110.9,11.0
24017,321.1,88.0,11.8
24019,381.5,111.3,12.8
24021,282.3,77.0,9.4
24023,453.1,59.8,10.4
24025,326.7,81.8,9.7
24027,227.3,73.5,9.1
24029,340.8,94.0,10.3
24031,190.9,51.2,9.2
24033,327.0,98.4,13.6
24035,299.4,68.0,8.8
24037,321.8,79.2,10.3
24039,539.7,113.9,13.3
24041,298.4,52.2,9.2
24043,373.3,76.2,11.4
24045,465.3,152.8,11.5
24047,337.3,105.3,9.7
24510,436.5,111.8,13.7
25001,256.0,58.0,7.1
25003,281.5,56.9,8.2
25005,272.2,50.5,9.1
25007,230.2,60.5,7.3
25009,260.7,47.3,8.7
25011,276.3,55.0,8.1
25013,290.9,55.6,10.5
25015,270.9,55.4,7.8
25017,225.8,41.3,7.7
25019,236.2,60.5,7.2
25021,225.0,49.6,7.7
25023,261.2,50.3,8.2
25025,216.3,48.4,10.1
25027,270.8,52.9,9.0
26001,448.1,79.5,9.9
26003,334.5,68.3,10.0
26005,317.8,69.9,9.4
26007,435.0,79.9,10.5
26009,309.9,102.4,8.8
26011,451.9,73.8,10.3
26013,319.5,70.0,11.6
26015,340.0,77.8,8.9
26017,447.6,76.8,9.9
26019,301.8,80.5,8.9
26021,421.4,118.3,10.7
26023,369.1,77.8,10.9
26025,385.6,88.4,11.2
26027,369.2,97.0,10.0
26029,293.0,90.5,8.6
26031,371.3,78.0,10.2
26033,317.8,71.4,11.2
26035,448.0,105.8,11.1
26037,299.2,73.5,8.6
26039,373.1,79.6,10.4
26041,373.0,70.3,10.0
26043,280.2,78.2,9.3
26045,342.9,82.0,9.3
26047,343.4,80.7,8.5
26049,428.8,96.2,11.0
26051,454.9,87.7,10.4
26053,352.2,73.8,10.5
26055,310.8,108.5,8.4
26057,422.9,81.5,10.5
26059,421.6,75.7,10.6
26061,324.9,75.6,9.8
26063,429.4,64.5,10.1
26065,308.7,82.0,10.6
26067,338.0,76.3,9.9
26069,441.4,76.5,10.7
26071,330.6,77.0,10.2
26073,387.2,93.4,11.6
26075,416.5,79.2,10.4
26077,320.9,68.8,9.4
26079,403.4,106.5,10.3
26081,337.2,70.6,9.6
26083,304.1,72.5,8.5
26085,342.1,105.3,12.5
26087,398.7,101.1,9.3
26089,296.8,85.6,7.9
26091,451.3,76.7,10.0
26093,364.3,80.4,7.6
26095,311.2,66.7,11.6
26097,307.7,71.6,11.5
26099,372.7,82.7,9.6
26101,315.3,88.0,9.9
26103,319.5,68.5,9.4
26105,335.7,85.4,10.1
26107,388.0,98.0,10.4
26109,394.5,58.5,9.9
26111,299.6,81.4,8.7
26113,380.9,121.6,10.2
26115,393.8,79.6,9.8
26117,345.2,81.9,10.6
26119,418.1,82.5,10.5
26121,329.1,76.0,10.7
26123,339.8,83.1,10.3
26125,357.1,91.1,8.5
26127,334.6,83.3,10.6
26129,431.5,77.0,10.7
26131,349.8,75.5,10.1
26133,349.3,102.5,10.4
26135,425.4,80.3,11.2
26137,354.9,93.4,9.4
26139,281.4,71.1,8.5
26141,412.8,74.0,10.1
26143,423.6,77.3,10.0
26145,357.5,80.3,11.6
26147,435.3,82.9,9.5
26149,366.2,90.7,10.5
26151,431.4,65.2,10.3
26153,328.1,67.5,10.8
26155,397.9,100.4,9.9
26157,410.0,74.9,10.1
26159,376.4,89.0,10.8
26161,317.0,81.9,8.6
26163,489.3,87.9,12.5
26165,315.8,136.8,10.3
27001,271.1,67.0,9.7
27003,184.2,63.6,9.3
27005,249.6,59.2,8.9
27007,257.7,65.1,10.2
27009,233.5,78.7,9.3
27011,318.5,67.3,9.3
27013,258.3,57.9,10.0
27015,217.1,63.0,9.0
27017,278.3,79.9,9.7
27019,188.3,58.6,7.3
27021,233.2,49.7,10.0
27023,237.2,80.1,10.1
27025,257.4,64.3,8.6
27027,244.2,57.4,9.3
27029,289.0,62.5,10.0
27031,191.7,62.9,8.8
27033,318.9,58.0,10.2
27035,228.4,55.5,8.7
27037,198.2,61.2,8.4
27039,288.2,52.1,8.3
27041,266.3,57.4,8.5
27043,316.4,58.5,9.7
27045,295.2,57.4,9.0
27047,289.4,60.1,9.9
27049,299.5,58.2,8.5
27051,274.6,63.5,9.6
27053,195.9,64.5,7.4
27055,292.9,67.4,8.4
27057,247.2,53.8,9.3
27059,239.7,65.5,8.8
27061,260.4,74.5,9.9
27063,300.7,56.1,8.9
27065,265.5,69.7,9.8
27067,224.5,69.6,10.0
27069,306.1,62.3,8.8
27071,260.1,79.5,9.3
27073,275.9,48.1,8.7
27075,245.1,82.2,8.7
27077,299.2,75.0,8.9
27079,244.3,59.2,8.7
27081,275.0,60.0,8.9
27083,241.7,50.1,9.5
27085,247.4,64.8,9.2
27087,306.2,65.6,14.0
27089,297.9,64.4,9.1
27091,287.1,57.9,9.7
27093,256.0,66.1,9.4
27095,244.6,73.4,9.7
27097,212.1,67.7,9.3
27099,275.0,66.1,10.1
27101,253.4,56.7,9.1
27103,236.8,56.8,8.8
27105,266.1,54.5,11.7
27107,248.9,59.2,9.6
27109,283.7,48.3,8.4
27111,318.4,59.8,8.7
27113,285.4,63.8,9.3
27115,272.9,67.7,10.1
27117,272.3,79.8,10.0
27119,307.4,63.8,9.2
27121,222.0,57.9,8.9
27123,214.8,78.2,9.8
27125,306.0,57.8,9.1
27127,258.3,56.9,10.0
27129,232.5,68.9,10.2
27131,219.5,59.0,9.4
27133,301.0,76.7,9.2
27135,318.4,72.1,9.2
27137,258.2,80.3,9.4
27139,195.1,60.7,8.5
27141,208.4,64.3,8.3
27143,214.1,55.4,9.2
27145,198.7,56.3,9.4
27147,276.9,64.6,9.0
27149,275.5,61.0,9.6
27151,253.8,51.8,10.1
27153,215.3,47.5,9.9
27155,377.8,64.8,9.7
27157,282.4,52.9,8.5
27159,262.8,66.4,10.1
27161,273.5,61.0,9.5
27163,192.7,64.5,8.7
27165,283.9,59.7,10.4
27167,371.9,60.8,9.6
27169,279.7,61.8,9.1
27171,221.5,59.8,8.2
27173,250.7,57.0,9.7
28001,346.4,96.1,16.8
28003,500.5,106.9,12.4
28005,504.5,95.3,15.1
28007,443.7,116.9,13.9
28009,410.7,92.5,14.0
28011,464.3,126.0,17.9
28013,454.3,98.0,14.6
28015,427.8,126.5,14.3
28017,444.2,112.6,15.7
28019,480.1,112.0,12.9
28021,647.3,132.1,19.6
28023,549.2,112.1,14.0
28025,396.0,119.3,16.0
28027,466.3,119.1,19.5
28029,452.6,95.4,15.3
28031,537.7,107.0,13.3
28033,413.5,91.3,11.4
28035,397.1,100.6,13.5
28037,400.9,101.7,14.6
28039,600.2,112.0,11.7
28041,515.9,105.6,13.1
28043,504.7,130.2,14.7
28045,396.2,96.5,10.8
28047,525.5,101.9,12.3
28049,433.3,138.6,15.3
28051,503.2,136.9,21.0
28053,578.2,149.1,20.6
28055,411.3,110.7,17.8
28057,505.0,109.6,10.8
28059,399.7,109.0,12.8
28061,482.6,110.8,15.2
28063,421.9,101.2,19.8
28065,390.2,103.6,16.8
28067,438.2,112.7,13.6
28069,440.5,108.6,15.8
28071,417.5,89.8,11.8
28073,325.8,82.7,11.2
28075,538.2,112.9,14.1
28077,469.3,101.5,15.2
28079,395.2,110.1,14.5
28081,376.1,115.1,12.3
28083,671.8,168.8,19.0
28085,467.9,101.4,13.1
28087,449.1,123.7,13.6
28089,406.7,118.0,10.8
28091,447.4,99.6,14.4
28093,407.3,94.1,15.7
28095,392.0,116.9,13.5
28097,518.1,118.7,15.3
28099,704.4,107.4,14.5
28101,427.8,107.9,13.7
28103,585.3,114.9,18.0
28105,375.7,115.9,13.9
28107,598.8,90.2,15.6
28109,442.5,88.6,11.8
28111,436.5,94.0,13.4
28113,472.0,100.1,16.3
28115,375.7,105.1,12.2
28117,519.8,105.7,12.3
28119,520.6,110.0,19.5
28121,315.4,81.1,10.7
28123,425.6,97.7,15.8
28125,465.4,135.7,19.6
28127,493.9,80.0,13.2
28129,364.9,83.7,13.5
28131,453.9,101.8,12.1
28133,449.0,132.3,18.3
28135,380.0,103.8,17.0
28137,500.4,88.4,12.5
28139,485.7,112.6,13.1
28141,625.0,99.9,11.9
28143,732.7,94.4,19.9
28145,458.6,103.2,12.3
28147,478.5,110.3,14.4
28149,411.6,105.2,13.5
28151,443.7,130.8,17.6
28153,464.8,102.0,15.0
28155,535.8,113.0,11.3
28157,524.7,90.0,17.6
28159,443.6,104.0,15.7
28161,684.8,96.7,15.0
28163,367.9,129.5,17.9
29001,312.0,76.7,10.9
29003,343.7,67.7,9.2
29005,303.1,63.3,10.9
29007,338.0,71.8,11.6
29009,461.8,70.9,11.6
29011,421.2,85.9,12.0
29013,366.7,75.0,11.1
29015,336.5,72.1,11.0
29017,448.6,76.8,10.8
29019,284.9,66.8,10.1
29021,394.8,83.7,11.4
29023,445.5,85.5,12.6
29025,353.1,71.0,10.3
29027,340.0,64.5,10.2
29029,301.7,61.5,9.9
29031,405.3,78.6,10.2
29033,391.3,66.9,10.6
29035,442.5,86.0,12.2
29037,317.0,69.7,9.5
29039,403.6,92.8,11.7
29041,361.7,73.2,10.4
29043,317.9,56.8,9.1
29045,402.0,88.7,11.3
29047,291.5,70.1,9.7
29049,365.8,72.1,9.6
29051,310.7,63.8,9.4
29053,411.5,72.7,10.0
29055,568.4,75.4,11.0
29057,427.2,73.7,11.8
29059,365.5,77.6,11.7
29061,399.5,69.0,11.0
29063,381.2,71.7,10.1
29065,345.5,87.3,11.1
29067,445.0,88.3,11.3
29069,570.9,115.1,13.1
29071,379.2,73.8,9.7
29073,352.3,69.0,10.0
29075,340.2,60.7,10.6
29077,388.9,61.6,10.2
29079,382.1,73.4,11.2
29081,405.1,72.7,11.3
29083,452.5,74.9,11.0
29085,323.6,71.5,12.9
29087,309.6,66.4,10.3
29089,375.8,70.1,10.1
29091,402.0,90.1,12.0
29093,593.0,84.0,11.5
29095,335.1,74.3,11.0
29097,450.9,81.4,11.5
29099,385.8,81.4,9.4
29101,374.5,73.1,10.3
29103,358.4,90.2,11.6
29105,428.5,124.5,11.5
29107,378.8,73.8,9.5
29109,445.5,68.0,11.5
29111,412.1,96.2,10.9
29113,337.9,69.1,9.9
29115,464.9,67.7,10.5
29117,311.1,68.0,10.5
29119,362.9,100.6,13.5
29121,428.9,73.0,9.9
29123,426.5,80.4,10.6
29125,379.1,80.0,10.3
29127,365.2,92.1,10.6
29129,366.1,87.1,11.8
29131,370.0,69.3,10.6
29133,549.4,106.2,14.1
29135,351.6,65.1,10.2
29137,356.1,84.0,11.0
29139,509.7,72.1,10.9
29141,394.7,70.9,11.6
29143,495.8,109.0,12.7
29145,448.2,79.7,11.1
29147,332.6,61.7,10.4
29149,422.4,86.7,12.5
29151,309.5,59.4,9.2
29153,351.5,80.0,12.5
29155,683.8,99.8,14.9
29157,389.0,78.1,9.9
29159,404.8,70.6,10.8
29161,311.0,85.0,10.9
29163,389.7,81.2,11.3
29165,275.1,62.0,8.8
29167,393.0,73.1,11.2
29169,370.5,96.5,10.9
29171,306.4,102.9,10.2
29173,312.7,84.1,10.4
29175,442.2,72.5,11.0
29177,362.2,72.5,10.6
29179,442.6,97.4,11.8
29181,445.1,79.3,12.5
29183,289.2,62.7,8.8
29185,390.8,83.8,11.8
29186,378.8,78.6,9.8
29187,421.8,76.9,11.4
29189,348.7,83.7,9.6
29195,398.3,69.8,11.2
29197,317.1,85.2,9.8
29199,328.7,73.9,10.4
29201,488.6,95.7,11.1
29203,410.6,98.5,11.2
29205,410.2,95.8,11.5
29207,467.8,88.4,11.3
29209,417.8,60.9,10.3
29211,380.8,73.5,11.9
29213,520.1,55.1,10.6
29215,422.2,97.5,12.7
29217,383.5,83.2,11.5
29219,309.1,65.3,10.0
29221,536.8,75.8,12.2
29223,409.8,85.7,12.6
29225,410.6,75.9,10.6
29227,360.1,67.3,11.2
29229,482.5,105.7,12.5
29510,421.1,96.8,12.7
30001,304.6,69.3,8.4
30003,353.7,70.1,13.8
30005,430.7,64.9,12.3
30007,284.7,46.7,7.8
30009,259.7,67.2,8.2
30011,314.1,57.0,8.5
30013,282.8,47.6,8.8
30015,298.0,51.1,9.5
30017,331.4,60.5,8.5
30019,352.8,72.4,8.2
30021,202.3,95.5,8.2
30023,411.9,56.6,9.5
30025,296.4,58.5,8.3
30027,361.4,50.5,8.4
30029,301.2,60.4,7.4
30031,258.5,44.1,7.2
30033,342.3,53.8,8.5
30035,313.4,67.0,14.5
30037,328.8,66.0,9.5
30039,313.0,58.4,8.4
30041,493.5,66.6,10.9
30043,366.8,54.4,7.6
30045,301.6,46.8,9.0
30047,306.1,58.6,9.3
30049,284.0,61.5,7.5
30051,315.5,72.3,9.9
30053,284.0,63.3,9.4
30055,287.3,90.8,7.7
30057,246.7,49.9,7.3
30059,272.6,48.2,8.3
30061,331.8,60.2,8.8
30063,314.8,58.2,7.9
30065,334.7,67.9,9.0
30067,252.2,48.9,7.9
30069,359.2,61.0,8.2
30071,377.1,59.3,8.8
30073,305.6,61.2,10.5
30075,324.8,62.3,8.0
30077,330.5,60.3,9.2
30079,258.3,77.5,10.2
30081,306.3,57.6,7.3
30083,305.2,87.7,7.7
30085,496.8,96.7,13.5
30087,334.7,66.8,11.5
30089,296.7,59.9,9.0
30091,249.8,67.3,8.4
30093,455.7,56.9,8.7
30095,289.8,64.0,7.7
30097,250.5,45.4,7.7
30099,289.3,55.8,8.3
30101,343.2,80.9,10.3
30103,336.4,69.5,8.3
30105,394.0,56.2,8.6
30107,334.7,57.9,9.6
30109,274.7,82.4,8.6
30111,329.6,65.7,8.2
31001,298.3,41.0,9.9
31003,303.5,61.4,9.6
31005,273.1,,9.3
31007,276.6,60.7,9.0
31009,317.1,47.9,9.4
31011,314.1,73.1,9.4
31013,333.3,61.5,10.4
31015,381.8,63.7,10.0
31017,297.4,60.5,9.9
31019,293.5,48.7,9.1
31021,315.3,66.7,9.7
31023,276.0,64.7,8.8
31025,277.9,71.3,8.6
31027,297.7,49.9,8.4
31029,263.1,55.1,9.7
31031,282.4,52.3,10.1
31033,291.5,57.8,9.9
31035,332.6,59.5,9.3
31037,283.5,62.4,11.9
31039,309.5,74.7,9.5
31041,291.5,59.6,9.3
31043,276.8,68.0,11.9
31045,314.6,65.1,9.6
31047,287.8,60.8,11.9
31049,261.0,58.2,9.7
31051,345.3,72.0,10.1
31053,262.3,74.4,10.0
31055,257.1,75.6,9.3
31057,288.2,58.4,9.9
31059,293.0,69.2,9.2
31061,302.0,56.5,10.1
31063,287.4,70.4,9.0
31065,297.2,61.8,9.9
31067,280.5,66.7,9.7
31069,333.6,60.5,10.5
31071,318.0,60.4,8.6
31073,297.3,64.4,9.0
31075,340.4,52.1,8.8
31077,286.8,58.2,9.3
31079,284.1,72.9,10.7
31081,276.3,55.5,8.3
31083,309.8,61.5,9.0
31085,268.2,68.3,9.9
31087,307.2,45.1,9.7
31089,307.7,64.8,9.6
31091,284.3,,9.4
31093,282.8,59.1,8.7
31095,344.9,61.5,9.8
31097,272.0,67.0,10.1
31099,293.8,46.1,8.5
31101,243.6,67.8,9.3
31103,296.5,79.3,9.7
31105,264.9,57.3,10.9
31107,305.5,54.7,10.3
31109,271.8,68.0,9.4
31111,267.0,67.8,10.2
31113,282.0,70.1,8.4
31115,333.5,63.6,8.9
31117,257.7,69.6,9.2
31119,330.4,59.3,10.2
31121,289.0,53.3,9.2
31123,353.5,62.0,10.4
31125,297.8,115.2,9.8
31127,272.7,72.4,9.9
31129,333.1,69.0,9.0
31131,276.6,69.0,9.4
31133,276.2,71.5,9.9
31135,258.5,63.7,9.0
31137,293.1,54.9,9.4
31139,279.2,57.0,8.6
31141,305.1,55.2,10.0
31143,290.5,55.2,8.9
31145,305.9,56.2,9.6
31147,283.3,85.7,10.2
31149,358.5,76.8,8.8
31151,321.6,67.7,10.5
31153,255.1,63.3,8.9
31155,266.0,77.1,8.4
31157,279.0,55.8,10.5
31159,276.5,70.8,8.3
31161,350.9,57.9,10.0
31163,287.8,48.5,9.7
31165,287.7,61.8,11.2
31167,289.6,59.0,8.9
31169,367.4,63.6,9.7
31171,303.1,,8.3
31173,416.3,88.8,13.1
31175,301.5,56.9,9.5
31177,245.1,73.3,8.5
31179,298.1,64.9,10.0
31181,323.2,59.7,9.8
31183,286.1,70.6,8.9
31185,290.4,65.6,9.3
32001,408.2,91.6,9.8
32003,386.3,72.8,11.1
32005,253.8,76.3,8.1
32007,331.7,65.3,10.4
32009,426.9,61.7,12.1
32011,403.3,68.4,12.3
32013,351.9,87.3,10.1
32015,393.6,72.0,11.1
32017,344.7,71.4,8.8
32019,369.0,86.2,9.8
32021,368.0,68.6,12.8
32023,475.3,72.6,10.9
32027,361.3,94.5,10.3
32029,332.8,97.0,8.2
32031,356.8,96.8,8.8
32033,327.9,52.8,10.2
32510,423.0,95.5,9.9
33001,299.3,62.0,7.7
33003,270.0,56.3,7.0
33005,275.2,54.9,7.5
33007,318.5,62.5,9.4
33009,284.4,62.6,7.5
33011,279.5,52.6,7.9
33013,283.3,61.3,7.4
33015,278.6,52.8,7.1
33017,289.7,57.0,7.8
33019,280.5,53.3,8.4
34001,386.4,60.4,10.3
34003,257.9,50.0,8.0
34005,327.3,75.3,8.7
34007,355.3,80.6,9.9
34009,388.8,74.8,8.0
34011,426.2,82.6,12.1
34013,312.3,61.5,11.0
34015,384.9,72.0,8.9
34017,281.8,47.3,10.8
34019,252.3,52.9,7.0
34021,309.5,57.8,9.8
34023,289.7,55.1,10.3
34025,307.9,67.6,7.8
34027,275.0,56.0,7.4
34029,393.9,57.5,8.8
34031,304.7,57.0,11.2
34033,433.7,88.6,9.7
34035,256.7,58.9,8.5
34037,339.0,56.1,7.6
34039,285.6,68.5,10.2
34041,335.2,54.7,8.0
35001,309.6,77.1,10.2
35003,320.6,67.7,10.6
35005,475.3,57.4,12.9
35006,307.0,76.5,14.6
35007,222.5,46.9,11.4
35009,361.2,64.0,12.4
35011,415.1,58.3,10.9
35013,264.1,77.5,13.1
35015,388.4,60.1,10.7
35017,335.5,61.7,11.4
35019,321.1,72.6,14.3
35021,239.4,51.5,12.4
35023,349.3,68.8,12.6
35025,390.0,59.7,12.1
35027,288.6,58.6,9.9
35028,214.2,49.6,6.7
35029,414.1,78.6,15.0
35031,270.7,73.6,17.9
35033,218.4,43.0,12.7
35035,322.3,59.3,11.8
35037,395.6,82.6,12.7
35039,286.8,61.8,13.7
35041,370.0,59.3,11.7
35043,277.8,73.1,9.7
35045,260.9,71.4,12.8
35047,254.9,37.3,13.3
35049,209.9,44.7,9.3
35051,368.4,69.9,11.9
35053,315.7,73.5,13.2
35055,206.9,44.3,10.7
35057,313.7,76.0,13.0
35059,296.3,65.7,11.8
35061,309.5,76.8,12.4
36001,319.5,48.4,8.4
36003,324.0,49.9,9.5
36005,398.9,53.4,14.8
36007,326.0,61.7,9.5
36009,385.6,56.8,9.6
36011,342.7,59.5,9.3
36013,366.1,64.3,10.0
36015,407.7,58.8,9.3
36017,446.7,59.2,9.3
36019,314.1,55.5,9.1
36021,318.4,47.9,8.5
36023,315.2,58.7,8.6
36025,373.0,59.2,9.2
36027,332.8,46.5,8.3
36029,330.7,68.7,9.1
36031,282.3,57.0,8.5
36033,315.8,58.4,10.0
36035,355.9,53.7,9.5
36037,330.4,59.3,8.5
36039,350.9,47.8,8.9
36041,315.2,55.0,8.5
36043,342.8,59.6,8.8
36045,351.6,67.1,9.7
36047,406.0,38.3,11.1
36049,344.4,63.1,9.2
36051,280.0,54.6,8.5
36053,264.0,61.1,8.3
36055,255.4,55.8,9.6
36057,362.8,55.5,9.5
36059,361.0,46.6,8.3
36061,267.3,35.2,8.4
36063,405.8,68.3,8.9
36065,335.2,60.6,9.5
36067,285.9,59.1,9.3
36069,257.3,55.6,8.1
36071,306.1,46.6,10.1
36073,364.1,60.7,9.3
36075,346.7,62.3,9.4
36077,323.1,59.6,9.0
36079,313.5,43.9,7.7
36081,353.6,40.6,12.2
36083,337.6,51.0,8.5
36085,470.3,36.8,10.1
36087,286.2,47.4,9.9
36089,346.4,57.8,10.2
36091,279.3,53.1,7.6
36093,341.5,57.9,8.9
36095,311.1,47.9,8.7
36097,311.9,59.5,9.1
36099,292.7,57.1,9.1
36101,347.0,56.9,9.0
36103,332.2,47.4,8.3
36105,329.4,46.3,10.0
36107,305.9,60.1,8.6
36109,253.1,59.2,8.2
36111,319.8,46.6,8.8
36113,294.7,56.1,8.3
36115,352.8,55.8,8.6
36117,288.7,56.1,8.6
36119,279.1,41.6,8.8
36121,329.7,57.0,9.0
36123,279.5,64.0,8.9
37001,328.5,81.1,10.7
37003,314.4,81.3,10.1
37005,313.1,78.6,11.2
37007,404.9,99.4,14.6
37009,307.8,67.5,9.9
37011,340.3,72.3,10.2
37013,334.5,89.2,11.4
37015,346.5,92.9,14.9
37017,370.3,75.4,12.7
37019,258.6,77.0,8.9
37021,293.0,70.4,8.9
37023,322.5,91.2,10.9
37025,297.4,81.2,9.9
37027,350.8,75.2,10.3
37029,359.9,88.4,8.8
37031,328.0,80.4,8.7
37033,359.9,71.8,12.0
37035,309.7,86.8,10.1
37037,216.8,76.6,9.4
37039,354.5,81.4,10.1
37041,358.3,77.3,12.5
37043,318.5,70.3,9.3
37045,383.9,84.8,11.2
37047,454.8,113.7,12.8
37049,337.8,77.3,10.5
37051,344.8,73.7,12.6
37053,365.2,85.3,8.6
37055,266.2,67.9,8.1
37057,326.5,85.8,10.3
37059,281.0,85.5,9.2
37061,325.8,103.8,12.7
37063,237.4,62.7,10.4
37065,389.5,163.0,14.3
37067,278.7,80.2,11.0
37069,315.2,96.0,10.7
37071,338.9,83.9,10.7
37073,352.7,84.7,11.7
37075,333.9,74.1,9.8
37077,281.3,86.4,11.3
37079,333.7,119.4,14.3
37081,260.6,83.9,11.2
37083,364.6,111.6,15.2
37085,320.7,93.1,11.1
37087,316.6,67.6,9.2
37089,274.0,69.9,9.1
37091,325.9,78.2,15.2
37093,353.6,90.1,13.2
37095,312.3,80.1,13.3
37097,299.3,86.2,9.0
37099,295.4,65.3,10.9
37101,319.3,97.6,10.5
37103,328.4,84.1,12.7
37105,302.2,91.7,11.7
37107,446.9,122.7,14.1
37109,284.0,84.1,9.1
37111,313.0,93.2,10.3
37113,289.3,77.8,10.0
37115,336.7,79.0,9.1
37117,389.6,114.8,13.1
37119,244.0,78.6,10.1
37121,403.9,84.5,9.4
37123,326.5,94.8,11.8
37125,243.9,81.0,8.9
37127,375.3,121.3,12.3
37129,253.4,97.4,9.2
37131,322.3,73.1,14.2
37133,344.4,96.4,10.7
37135,204.1,62.4,9.0
37137,330.7,78.5,10.4
37139,443.6,79.0,11.3
37141,300.5,107.1,9.7
37143,386.5,83.8,10.7
37145,327.3,65.7,11.6
37147,331.4,110.6,12.0
37149,293.5,70.8,9.4
37151,369.5,85.9,10.9
37153,441.2,123.5,13.8
37155,444.5,98.1,16.4
37157,361.0,88.0,11.3
37159,377.4,88.2,10.8
37161,353.4,119.3,11.1
37163,341.8,88.8,13.0
37165,432.8,83.5,15.2
37167,383.5,85.2,10.5
37169,325.5,73.7,9.9
37171,310.9,88.7,10.8
37173,376.8,71.5,12.5
37175,258.4,68.8,8.9
37177,362.6,91.5,13.3
37179,242.2,77.6,9.3
37181,371.7,91.7,13.9
37183,225.8,98.3,9.0
37185,355.1,83.0,14.8
37187,371.1,93.0,14.8
37189,283.8,58.8,10.5
37191,386.4,130.9,12.5
37193,323.3,69.5,10.7
37195,368.0,111.1,14.0
37197,313.3,82.7,10.4
37199,312.0,73.5,10.0
38001,320.6,62.6,9.8
38003,238.6,58.6,9.0
38005,332.3,107.3,13.4
38007,270.8,35.9,9.2
38009,349.4,85.1,8.7
38011,280.9,45.1,8.5
38013,236.1,69.3,8.2
38015,258.5,49.6,8.1
38017,231.4,57.9,8.5
38019,287.0,70.3,8.2
38021,295.1,62.2,9.2
38023,249.8,64.7,9.0
38025,292.0,37.5,9.4
38027,323.4,87.6,10.2
38029,238.1,54.8,9.2
38031,299.2,84.4,8.7
38033,291.0,45.9,9.8
38035,307.6,63.9,9.8
38037,279.1,51.9,10.3
38039,284.8,77.0,8.3
38041,266.2,44.3,8.9
38043,244.4,56.4,9.1
38045,260.2,63.0,8.8
38047,208.9,62.9,9.5
38049,282.3,63.8,8.9
38051,335.9,71.7,9.8
38053,326.3,66.5,9.9
38055,341.5,52.0,8.6
38057,264.3,40.1,9.1
38059,283.2,49.4,8.3
38061,545.0,71.9,11.6
38063,322.1,71.9,8.6
38065,263.3,49.2,8.3
38067,266.7,52.6,9.3
38069,306.9,84.5,9.0
38071,316.1,101.0,9.8
38073,277.2,56.1,9.4
38075,270.1,66.0,8.5
38077,290.5,57.6,9.0
38079,496.1,94.8,16.5
38081,275.8,60.5,9.0
38083,253.9,53.3,9.0
38085,517.4,66.6,20.1
38087,271.5,38.9,9.4
38089,266.2,42.9,8.9
38091,261.0,58.9,9.0
38093,278.7,68.5,9.0
38095,305.7,100.7,10.4
38097,262.0,59.4,8.5
38099,306.2,66.8,9.4
38101,254.9,65.3,8.8
38103,284.1,79.4,9.4
38105,335.9,76.1,9.4
39001,424.5,106.4,12.7
39003,415.0,76.8,12.2
39005,376.8,82.5,11.2
39007,433.6,91.2,13.0
39009,357.1,71.9,12.6
39011,418.7,79.6,9.8
39013,458.3,67.5,11.5
39015,397.9,106.7,11.6
39017,327.1,112.3,11.3
39019,397.0,78.8,11.2
39021,356.7,131.8,10.2
39023,403.2,134.6,12.2
39025,323.9,104.0,10.4
39027,392.6,111.0,11.2
39029,389.4,73.6,11.8
39031,389.9,85.3,12.2
39033,405.9,78.6,11.5
39035,398.6,76.7,11.3
39037,422.7,91.2,11.3
39039,331.4,83.0,10.9
39041,293.2,82.1,8.7
39043,375.4,90.1,11.0
39045,347.1,81.0,10.4
39047,508.2,100.5,11.9
39049,339.0,83.4,11.8
39051,356.9,81.6,10.7
39053,416.2,100.8,12.3
39055,268.4,77.1,9.3
39057,325.0,126.5,9.8
39059,423.7,73.7,11.9
39061,348.1,100.2,11.9
39063,327.4,71.2,10.7
39065,404.7,74.7,11.9
39067,441.3,74.8,11.8
39069,372.3,72.7,10.5
39071,365.8,99.8,11.8
39073,394.8,80.5,12.3
39075,366.8,81.8,11.7
39077,391.3,87.8,11.1
39079,463.8,97.8,12.4
39081,479.0,76.2,12.0
39083,371.4,83.0,10.5
39085,360.2,80.9,10.2
39087,439.9,94.8,12.2
39089,341.7,83.2,10.9
39091,406.6,82.2,11.1
39093,308.3,84.0,11.5
39095,434.5,90.9,12.2
39097,367.5,93.5,10.8
39099,454.2,71.2,11.8
39101,401.8,73.9,12.5
39103,301.3,74.0,9.4
39105,412.0,90.8,13.5
39107,530.7,80.2,9.7
39109,389.9,141.7,10.3
39111,353.3,66.6,12.0
39113,372.3,136.1,12.5
39115,331.4,68.6,12.3
39117,360.9,78.5,11.0
39119,368.3,72.4,12.0
39121,257.6,65.9,11.8
39123,370.5,79.5,9.6
39125,327.9,83.5,11.2
39127,468.1,76.1,11.6
39129,399.8,80.2,11.1
39131,464.7,82.1,13.2
39133,408.1,75.5,10.5
39135,373.0,133.0,10.5
39137,354.6,73.9,9.8
39139,393.9,83.7,12.1
39141,387.0,89.9,12.6
39143,365.5,76.9,11.6
39145,499.8,82.5,12.9
39147,455.5,72.2,11.1
39149,369.4,91.5,10.9
39151,351.1,76.3,11.1
39153,360.6,75.8,11.4
39155,417.1,84.2,12.1
39157,368.5,81.1,11.0
39159,350.4,79.3,9.3
39161,357.5,81.7,10.6
39163,397.2,89.8,12.3
39165,310.1,114.9,9.4
39167,311.7,67.2,10.8
39169,365.4,76.5,10.8
39171,360.5,68.3,11.6
39173,388.8,77.2,10.2
39175,391.0,68.8,10.2
40001,576.2,78.5,15.2
40003,419.8,65.9,11.1
40005,504.1,69.9,12.7
40007,452.4,50.0,11.3
40009,465.9,68.4,12.4
40011,437.6,75.3,11.4
40013,422.1,78.1,12.0
40015,466.8,82.5,13.9
40017,346.8,73.2,9.9
40019,472.5,73.3,11.9
40021,499.7,79.7,13.1
40023,524.2,86.5,13.8
40025,356.6,53.7,10.1
40027,346.7,70.6,10.7
40029,615.8,83.2,13.9
40031,398.8,68.2,12.7
40033,401.0,89.1,12.1
40035,539.4,75.2,13.2
40037,477.2,85.4,11.2
40039,463.9,82.5,11.8
40041,472.8,80.2,12.5
40043,463.9,75.3,11.0
40045,420.6,55.4,10.6
40047,426.2,74.6,11.3
40049,479.7,78.8,11.9
40051,409.2,69.9,10.3
40053,414.2,75.8,10.4
40055,459.0,108.7,11.6
40057,434.8,81.3,13.8
40059,455.1,65.4,11.2
40061,606.7,85.4,12.4
40063,567.7,87.2,13.4
40065,433.9,76.4,12.2
40067,473.1,93.7,12.8
40069,412.1,66.1,13.2
40071,451.4,77.0,11.9
40073,375.5,75.7,10.3
40075,483.7,115.1,13.1
40077,452.0,76.7,13.8
40079,551.2,90.2,13.0
40081,446.1,76.8,11.4
40083,374.3,75.9,10.3
40085,396.4,85.1,12.2
40087,403.7,76.7,9.8
40089,519.1,107.5,13.3
40091,610.4,97.4,13.2
40093,443.2,71.2,10.5
40095,406.7,66.2,12.2
40097,495.4,76.2,12.1
40099,483.6,75.8,11.3
40101,658.0,102.5,13.4
40103,408.2,75.4,10.5
40105,471.4,67.9,12.3
40107,563.7,94.7,14.7
40109,424.4,77.5,12.0
40111,579.1,90.2,13.2
40113,397.5,72.3,11.4
40115,587.3,106.3,13.2
40117,512.7,84.2,11.5
40119,393.3,81.0,11.7
40121,594.7,76.1,11.8
40123,481.4,85.1,10.9
40125,481.3,86.6,11.5
40127,538.0,80.1,13.7
40129,435.1,60.7,11.3
40131,466.2,66.2,10.6
40133,568.4,91.9,13.7
40135,562.8,92.2,13.7
40137,481.2,86.1,11.4
40139,494.6,55.5,13.2
40141,431.5,63.8,12.9
40143,473.4,84.8,10.8
40145,411.5,76.8,10.3
40147,492.5,71.5,11.0
40149,475.2,89.2,10.8
40151,450.2,73.7,10.7
40153,467.3,62.7,10.7
41001,327.0,73.5,9.8
41003,223.2,79.7,9.3
41005,229.3,84.9,8.6
41007,267.1,73.6,9.5
41009,283.3,78.9,9.6
41011,335.4,80.4,10.2
41013,242.0,84.5,9.2
41015,343.7,79.1,9.9
41017,232.8,74.8,8.2
41019,272.0,80.0,10.5
41021,250.0,84.3,10.2
41023,288.9,80.3,10.0
41025,294.0,84.8,11.0
41027,249.2,85.7,9.4
41029,236.7,78.4,10.0
41031,279.8,90.5,11.0
41033,256.5,78.5,10.8
41035,299.8,79.6,11.2
41037,289.8,86.7,11.0
41039,259.8,83.6,9.3
41041,254.2,83.9,10.1
41043,317.6,101.5,10.1
41045,352.6,75.8,12.5
41047,239.6,81.5,11.3
41049,272.7,76.0,12.7
41051,259.7,86.1,9.1
41053,225.5,72.4,9.6
41055,269.3,81.4,10.4
41057,239.1,80.4,9.7
41059,271.5,74.4,11.4
41061,289.8,72.6,10.1
41063,288.7,67.9,8.7
41065,252.1,83.8,10.9
41067,215.0,78.1,9.2
41069,279.1,91.7,10.6
41071,267.8,78.2,9.7
42001,339.0,61.3,
42003,371.0,69.1,
42005,351.8,68.5,
42007,384.7,69.4,
42009,341.6,68.7,
42011,328.3,83.6,
42013,440.1,66.2,
42015,359.5,60.6,
42017,262.0,65.3,
42019,340.5,68.1,
42021,359.1,67.6,
42023,353.2,62.2,
42025,334.1,64.0,
42027,287.4,64.7,
42029,282.2,79.1,
42031,370.4,72.6,
42033,357.7,65.7,
42035,386.7,61.5,
42037,346.9,61.7,
42039,366.8,87.3,
42041,327.7,61.7,
42043,333.7,61.3,
42045,320.0,85.6,
42047,337.7,64.4,
42049,321.0,66.1,
42051,453.1,58.8,
42053,349.4,68.9,
42055,307.4,58.8,
42057,357.7,74.0,
42059,432.1,75.1,
42061,292.2,64.0,
42063,346.9,68.0,
42065,341.0,68.8,
42067,337.3,59.1,
42069,420.0,60.5,
42071,283.7,85.7,
42073,409.4,70.6,
42075,365.3,78.2,
42077,285.3,63.4,
42079,391.3,61.4,
42081,312.0,58.3,
42083,395.9,62.8,
42085,409.3,68.2,
42087,309.2,65.6,
42089,358.4,60.2,
42091,284.3,83.0,
42093,278.6,59.8,
42095,297.6,48.6,
42097,399.1,59.4,
42099,326.7,58.7,
42101,397.1,83.3,
42103,294.1,46.2,
42105,285.4,58.3,
42107,477.3,67.2,
42109,308.5,58.2,
42111,356.5,73.0,
42113,363.0,59.8,
42115,334.6,58.4,
42117,323.9,60.6,
42119,264.5,60.4,
42121,394.8,71.9,
42123,330.1,63.3,
42125,331.0,72.4,
42127,374.8,60.3,
42129,348.8,68.1,
42131,399.3,59.0,
42133,280.2,80.2,
44001,277.2,51.0,7.9
44003,321.7,54.9,9.6
44005,230.9,49.7,7.8
44007,321.3,52.1,10.6
44009,287.2,56.9,7.1
45001,338.5,86.6,13.2
45003,338.3,83.3,11.3
45005,429.8,101.9,17.9
45007,380.5,78.6,11.1
45009,385.0,95.2,15.6
45011,383.2,88.5,15.9
45013,186.9,62.4,9.3
45015,257.8,80.2,11.9
45017,325.2,81.6,12.9
45019,254.6,74.0,10.0
45021,510.8,83.3,12.9
45023,410.6,93.4,13.7
45025,487.8,118.7,14.8
45027,331.4,91.6,15.0
45029,452.7,100.8,13.8
45031,558.8,190.0,14.5
45033,478.0,145.5,17.3
45035,272.6,84.3,11.4
45037,312.7,76.0,13.6
45039,398.1,78.1,15.4
45041,424.8,161.8,13.2
45043,323.5,93.1,11.6
45045,289.5,74.7,10.7
45047,324.8,92.7,13.0
45049,355.9,90.1,17.1
45051,323.5,89.3,10.9
45053,291.0,69.0,13.2
45055,313.6,59.6,12.1
45057,323.1,77.0,11.3
45059,332.3,92.9,13.0
45061,527.8,123.4,16.9
45063,308.6,81.4,10.5
45065,284.3,72.1,13.6
45067,490.9,135.0,17.7
45069,656.8,112.7,17.4
45071,325.5,83.5,13.1
45073,343.3,84.9,11.4
45075,320.0,90.5,15.7
45077,393.3,81.5,11.4
45079,336.9,72.6,13.0
45081,324.5,82.3,13.3
45083,338.7,88.3,12.1
45085,309.9,106.8,13.8
45087,428.2,90.7,15.0
45089,311.3,113.5,16.3
45091,263.0,84.9,10.3
46003,319.8,59.2,9.8
46005,317.2,63.4,11.3
46007,404.6,78.6,17.3
46009,311.1,51.9,10.7
46011,285.7,79.0,9.7
46013,279.6,70.7,9.5
46015,327.0,53.6,10.3
46017,678.8,54.6,18.7
46019,280.1,102.5,10.0
46021,349.9,78.8,9.1
46023,320.6,62.0,12.4
46025,302.7,57.1,9.9
46027,330.7,49.3,10.3
46029,287.4,58.6,10.0
46031,470.3,66.1,18.3
46033,276.8,64.4,8.9
46035,302.5,63.6,9.9
46037,324.8,70.3,10.5
46039,280.2,71.2,9.1
46041,420.6,44.6,18.0
46043,307.4,59.2,10.1
46045,282.9,71.6,9.1
46047,382.8,79.6,10.9
46049,282.9,71.5,10.8
46051,305.9,95.6,9.4
46053,351.2,62.5,10.2
46055,281.1,52.9,9.8
46057,288.3,63.0,9.0
46059,324.9,64.4,8.8
46061,313.1,67.0,9.9
46063,307.1,74.1,8.5
46065,217.6,50.8,9.0
46067,306.2,56.4,9.3
46069,292.2,52.0,10.2
46071,319.0,51.2,17.1
46073,395.7,53.1,9.4
46075,294.2,,10.1
46077,285.7,66.0,9.1
46079,280.0,83.1,9.1
46081,267.3,50.5,8.8
46083,231.5,47.4,8.1
46085,374.9,56.5,13.2
46087,392.8,82.5,8.8
46089,289.4,75.6,10.1
46091,247.5,64.0,9.5
46093,282.2,49.5,8.6
46095,372.3,81.0,18.3
46097,318.0,76.4,9.7
46099,328.6,81.7,10.0
46101,326.6,83.0,9.6
46102,81.1,41.2,23.8
46103,305.0,53.2,9.9
46105,267.8,66.5,10.0
46107,277.8,57.0,9.0
46109,337.5,58.3,12.8
46111,325.6,58.4,9.6
46115,303.6,68.6,9.5
46117,144.8,53.4,8.5
46119,222.7,53.2,8.9
46121,394.6,86.9,22.9
46123,318.5,73.8,11.6
46125,402.5,65.2,9.3
46127,231.1,60.4,8.6
46129,318.6,61.2,10.2
46135,326.8,53.2,9.4
46137,259.4,53.3,18.1
47001,391.9,75.3,11.5
47003,506.1,83.3,12.3
47005,476.6,107.2,12.6
47007,365.3,75.0,13.8
47009,299.0,70.7,10.6
47011,463.0,86.9,11.5
47013,510.6,81.5,12.6
47015,380.2,85.0,11.9
47017,641.3,99.1,12.4
47019,425.9,79.2,12.5
47021,419.7,89.1,10.5
47023,440.4,98.7,12.5
47025,525.4,81.7,12.3
47027,458.5,85.2,13.0
47029,660.9,88.2,13.2
47031,498.0,76.3,11.7
47033,600.8,96.1,12.8
47035,327.4,64.2,11.7
47037,349.3,84.0,11.7
47039,491.8,106.3,13.5
47041,410.1,94.3,13.0
47043,486.4,86.8,10.8
47045,638.5,89.3,12.6
47047,392.4,95.9,12.0
47049,425.0,84.5,12.8
47051,449.2,82.7,11.5
47053,548.0,94.7,12.5
47055,497.5,94.1,12.2
47057,414.2,84.2,12.1
47059,450.1,77.5,12.1
47061,504.8,76.3,13.1
47063,412.1,82.1,12.9
47065,362.4,82.5,11.0
47067,445.0,86.7,15.6
47069,459.6,96.7,15.1
47071,579.4,100.1,12.8
47073,478.3,73.0,12.4
47075,447.3,91.6,16.5
47077,492.7,99.8,12.6
47079,529.2,99.5,12.6
47081,446.9,81.7,11.8
47083,470.8,107.4,11.7
47085,488.2,86.0,11.9
47087,402.8,97.9,12.8
47089,379.7,78.2,10.8
47091,383.3,75.2,13.4
47093,349.2,74.3,11.1
47095,630.0,89.1,17.8
47097,536.4,86.0,15.1
47099,492.4,92.1,12.4
47101,413.4,90.6,11.9
47103,504.5,89.5,11.7
47105,294.4,71.5,10.8
47107,470.0,88.3,12.4
47109,594.8,104.0,12.9
47111,418.3,88.9,12.7
47113,404.0,96.6,14.1
47115,447.1,81.0,12.6
47117,492.6,85.8,11.7
47119,351.6,83.9,10.8
47121,485.4,83.4,12.2
47123,379.9,85.2,12.2
47125,382.8,107.3,11.8
47127,488.9,73.3,11.3
47129,375.4,80.0,12.4
47131,488.3,86.7,13.0
47133,460.6,94.0,12.4
47135,471.7,88.9,13.0
47137,391.2,80.2,13.3
47139,463.8,90.3,11.7
47141,366.7,101.9,11.7
47143,418.9,78.2,12.8
47145,444.7,75.2,11.1
47147,422.1,92.4,11.1
47149,328.9,86.1,11.1
47151,460.0,86.2,14.0
47153,374.1,77.5,13.1
47155,389.5,70.2,11.5
47157,394.4,96.6,14.6
47159,379.9,95.0,11.2
47161,360.6,101.8,11.0
47163,457.6,77.3,11.9
47165,353.7,85.3,10.5
47167,412.7,95.6,12.3
47169,350.7,90.1,12.3
47171,446.9,79.2,12.6
47173,432.3,74.5,11.7
47175,357.7,102.4,11.8
47177,382.6,102.6,13.1
47179,379.4,76.4,11.2
47181,378.4,96.9,12.8
47183,393.9,96.9,12.8
47185,377.8,94.1,12.4
47187,247.0,85.0,8.5
47189,324.8,84.3,9.8
48001,422.6,104.4,13.0
48003,412.6,83.3,12.9
48005,389.6,101.8,13.0
48007,349.2,83.0,11.4
48009,364.8,87.9,9.9
48011,481.7,82.0,9.4
48013,366.5,90.5,14.0
48015,293.6,66.7,11.8
48017,358.7,68.8,14.3
48019,304.4,85.7,10.8
48021,333.2,66.6,12.0
48023,375.5,86.7,11.6
48025,414.0,92.7,14.6
48027,334.9,76.0,13.0
48029,338.8,90.7,13.8
48031,258.5,65.5,9.2
48033,352.4,84.1,9.3
48035,396.8,92.6,10.5
48037,514.5,117.2,12.1
48039,341.7,80.9,11.3
48041,324.9,62.9,12.5
48043,253.6,55.7,10.5
48045,386.4,81.9,13.3
48047,381.7,80.7,18.2
48049,450.3,91.3,11.4
48051,541.9,63.2,11.0
48053,299.4,71.8,10.3
48055,346.9,70.6,13.5
48057,341.6,79.3,12.2
48059,444.9,83.9,10.2
48061,291.3,58.0,17.5
48063,421.8,85.7,13.7
48065,442.5,77.9,9.3
48067,427.2,111.9,12.0
48069,375.7,68.9,13.7
48071,386.0,84.2,10.7
48073,409.9,94.1,12.6
48075,396.8,98.6,12.0
48077,353.1,90.7,9.8
48079,381.9,75.0,17.1
48081,316.6,82.1,11.8
48083,431.8,100.0,11.3
48085,232.6,69.2,9.1
48087,451.3,83.7,12.7
48089,384.4,83.1,11.6
48091,300.5,65.9,9.2
48093,472.2,81.7,11.4
48095,318.0,75.2,12.7
48097,317.2,111.1,10.8
48099,356.4,84.6,11.5
48101,346.1,115.8,13.9
48103,402.3,89.8,14.5
48105,363.2,65.3,13.4
48107,416.5,83.7,14.6
48109,341.4,58.8,16.2
48111,297.5,55.9,14.6
48113,321.2,87.4,12.5
48115,430.4,76.2,15.3
48117,357.2,68.2,16.0
48119,474.9,94.4,10.9
48121,236.7,70.8,9.6
48123,339.0,85.4,13.1
48125,372.4,97.3,12.2
48127,342.4,81.1,21.5
48129,456.2,91.5,10.9
48131,368.5,84.5,17.0
48133,467.7,87.4,11.4
48135,422.0,88.0,13.6
48137,319.9,76.9,13.7
48139,317.4,91.7,10.9
48141,293.9,56.2,15.3
48143,326.4,82.1,11.0
48145,353.4,83.7,13.8
48147,513.0,82.9,11.4
48149,335.0,72.3,10.1
48151,373.9,80.9,10.8
48153,416.5,83.6,14.4
48155,360.0,104.4,13.6
48157,253.7,68.9,11.1
48159,411.9,88.8,9.9
48161,354.5,93.2,11.9
48163,384.1,90.1,16.5
48165,399.1,73.0,12.3
48167,321.8,84.0,10.8
48169,392.6,83.6,14.5
48171,257.1,64.3,9.5
48173,302.1,86.1,9.9
48175,315.5,77.0,11.6
48177,324.9,80.9,13.7
48179,472.2,95.2,12.4
48181,374.4,85.8,10.6
48183,449.8,89.0,12.3
48185,382.6,67.6,12.3
48187,329.1,64.8,11.6
48189,423.3,83.1,15.0
48191,363.5,92.0,13.6
48193,320.6,82.0,11.0
48195,390.4,57.9,12.3
48197,398.3,93.9,11.9
48199,477.3,68.7,10.4
48201,307.7,83.1,13.2
48203,372.6,72.0,11.9
48205,274.4,83.4,10.8
48207,405.1,63.5,12.3
48209,237.1,71.2,10.8
48211,389.3,58.3,9.7
48213,478.7,92.8,11.3
48215,314.0,55.9,17.7
48217,385.8,96.4,11.5
48219,394.3,82.9,12.9
48221,304.6,89.4,9.2
48223,429.6,93.2,11.2
48225,367.3,96.6,13.5
48227,463.7,85.5,13.1
48229,291.6,56.0,17.4
48231,434.0,91.1,11.2
48233,592.0,79.9,11.0
48235,328.0,81.1,10.3
48237,402.0,91.5,11.8
48239,365.9,88.9,12.1
48241,515.8,101.3,12.9
48243,252.4,57.4,13.1
48245,481.6,86.7,14.2
48247,318.0,91.7,20.2
48249,488.8,87.6,16.2
48251,375.7,93.2,11.0
48253,428.2,79.7,12.9
48255,472.6,99.3,14.4
48257,424.8,88.7,11.5
48259,286.5,66.5,8.8
48261,318.0,57.5,14.9
48263,282.6,101.4,9.3
48265,301.5,71.3,10.8
48267,306.8,71.8,11.7
48269,309.8,86.2,12.2
48271,302.7,73.2,13.2
48273,446.4,87.2,15.4
48275,344.6,71.0,12.5
48277,476.5,86.2,11.9
48279,408.8,82.5,14.3
48281,329.6,79.2,11.0
48283,317.9,75.8,16.6
48285,336.0,74.8,11.1
48287,358.6,66.4,12.4
48289,349.1,69.1,11.4
48291,514.3,89.3,13.8
48293,405.8,92.1,13.1
48295,372.0,39.9,12.1
48297,368.3,92.3,14.2
48299,264.9,75.1,10.1
48301,383.2,,
48303,411.9,83.5,12.0
48305,402.6,83.1,13.4
48307,383.0,95.6,11.9
48309,340.2,91.8,12.2
48311,329.6,77.2,14.1
48313,402.2,70.6,12.9
48315,418.6,92.1,12.8
48317,371.2,82.2,11.5
48319,226.5,68.5,9.9
48321,381.9,96.9,13.9
48323,300.3,70.6,18.1
48325,363.6,90.4,12.4
48327,336.0,79.3,12.1
48329,317.5,88.9,11.4
48331,315.6,70.1,11.9
48333,327.9,82.6,9.9
48335,352.9,87.6,13.5
48337,445.3,103.0,10.5
48339,332.5,71.3,10.4
48341,353.9,78.1,14.7
48343,459.7,98.5,12.5
48345,390.7,101.5,10.5
48347,370.5,98.8,13.0
48349,420.5,98.7,13.5
48351,523.5,98.1,14.1
48353,430.7,80.2,14.0
48355,305.5,86.7,14.5
48357,461.5,55.7,13.5
48359,374.1,78.8,11.3
48361,545.5,96.5,10.9
48363,430.0,87.0,11.6
48365,378.1,75.5,11.3
48367,319.1,92.4,9.2
48369,356.4,68.2,13.5
48371,333.5,65.5,16.0
48373,556.4,138.1,12.5
48375,550.0,87.1,14.4
48377,192.4,47.1,17.8
48379,435.2,92.2,10.3
48381,366.7,64.9,10.0
48383,310.3,84.2,13.7
48385,320.7,82.8,12.6
48387,531.1,98.7,12.5
48389,360.1,61.1,17.5
48391,342.6,78.8,14.0
48393,478.5,74.0,8.9
48395,437.0,68.5,12.3
48397,317.6,77.9,8.7
48399,373.7,79.0,11.8
48401,407.0,86.8,12.2
48403,413.7,92.6,11.1
48405,350.1,102.7,15.2
48407,382.9,64.3,12.7
48409,355.5,85.9,13.9
48411,276.1,85.8,12.0
48413,344.4,77.2,11.9
48415,276.9,86.5,12.4
48417,437.0,76.7,9.5
48419,389.3,90.9,13.7
48421,330.2,58.7,11.2
48423,417.1,87.9,11.7
48425,324.1,88.1,9.8
48427,343.0,77.3,20.5
48429,454.2,95.1,11.8
48431,348.3,82.8,9.4
48433,370.2,74.2,11.5
48435,329.1,60.9,14.0
48437,389.4,66.8,15.5
48439,298.8,93.2,11.4
48441,430.1,80.9,11.3
48443,328.2,60.7,10.4
48445,414.9,80.8,15.1
48447,391.8,89.8,11.0
48449,418.5,83.9,14.0
48451,316.7,77.7,11.9
48453,238.6,66.0,9.5
48455,410.6,99.3,11.8
48457,500.3,72.3,12.7
48459,432.3,83.9,11.4
48461,359.2,90.5,14.8
48463,328.5,80.8,14.6
48465,333.4,63.9,15.7
48467,438.5,89.1,10.7
48469,328.2,74.1,12.9
48471,344.7,76.4,13.8
48473,353.7,77.4,12.2
48475,401.7,89.0,13.5
48477,288.3,63.7,10.7
48479,306.9,72.7,16.8
48481,429.9,113.2,12.9
48483,448.9,60.2,11.8
48485,374.0,84.1,11.6
48487,375.8,86.8,14.2
48489,295.6,57.5,19.0
48491,247.6,66.8,9.5
48493,326.7,84.4,11.0
48495,414.5,85.7,13.3
48497,395.2,83.9,10.3
48499,422.6,85.4,10.6
48501,395.3,72.6,13.0
48503,425.0,97.8,10.8
48505,296.3,73.6,20.1
48507,407.4,89.1,21.4
49001,305.6,61.4,8.9
49003,352.7,70.2,8.9
49005,290.2,72.0,9.5
49007,386.1,65.2,10.8
49009,256.0,47.5,9.4
49011,311.4,70.2,8.4
49013,313.6,61.1,10.2
49015,460.9,56.7,9.4
49017,247.1,65.5,8.9
49019,264.6,67.8,9.3
49021,221.8,62.0,9.7
49023,306.3,64.2,8.9
49025,307.6,66.5,8.9
49027,298.5,54.7,10.1
49029,301.3,67.3,7.5
49031,318.5,66.1,11.0
49033,261.6,64.5,9.4
49035,290.0,65.7,8.7
49037,220.2,66.2,13.7
49039,293.6,65.3,10.3
49041,322.7,55.7,9.1
49043,200.8,57.2,7.2
49045,312.1,65.7,9.4
49047,376.4,54.5,10.2
49049,306.7,65.2,8.8
49051,257.8,65.1,7.4
49053,204.1,64.5,8.8
49055,277.5,58.6,9.9
49057,333.4,71.6,8.9
50001,324.5,57.2,6.5
50003,344.2,57.8,7.3
50005,314.8,59.6,7.7
50007,239.3,55.2,6.2
50009,324.0,64.7,8.6
50011,329.0,53.6,7.9
50013,271.8,55.5,6.9
50015,290.9,54.8,6.8
50017,308.7,60.5,7.2
50019,332.1,60.1,8.1
50021,369.5,61.7,7.6
50023,305.9,54.5,7.1
50025,273.4,59.3,7.2
50027,297.9,60.8,6.9
51001,420.1,105.3,13.4
51003,227.7,64.8,8.7
51005,377.0,74.1,11.0
51007,362.5,84.4,12.8
51009,319.9,94.1,11.8
51011,336.4,92.3,11.7
51013,180.0,48.2,8.5
51015,274.5,66.4,10.3
51017,344.4,65.0,12.6
51019,286.3,82.4,10.1
51021,429.4,71.3,10.5
51023,307.2,78.1,9.5
51025,360.2,106.3,15.1
51027,444.5,78.9,13.2
51029,292.6,70.4,13.6
51031,308.4,94.3,11.3
51033,290.8,67.8,12.0
51035,273.0,80.4,11.5
51036,307.0,78.8,13.7
51037,350.4,109.7,14.0
51041,294.1,78.8,10.8
51043,279.1,91.6,9.1
51045,281.9,83.6,10.2
51047,264.7,75.1,10.9
51049,272.6,75.3,12.1
51051,395.5,81.0,12.6
51053,291.2,83.4,11.8
51057,371.0,67.6,13.5
51059,169.2,49.8,9.5
51061,236.7,70.1,9.5
51063,288.7,81.0,9.9
51065,248.2,66.7,9.9
51067,293.4,83.3,11.0
51069,316.4,73.5,9.6
51071,406.9,88.4,10.6
51073,357.7,69.8,9.9
51075,283.4,77.7,8.7
51077,282.2,81.5,13.1
51079,293.1,79.3,10.4
51081,530.4,106.4,15.6
51083,357.4,109.3,14.3
51085,284.1,79.0,9.3
51087,284.7,85.3,10.8
51089,341.9,96.1,13.4
51091,283.3,58.6,9.4
51093,330.5,88.8,10.8
51095,233.5,67.4,9.1
51097,367.3,70.2,12.6
51099,280.4,65.5,10.3
51101,317.3,78.2,10.3
51103,352.3,100.4,11.6
51105,390.4,78.6,13.6
51107,199.7,45.5,8.9
51109,340.6,65.5,10.9
51111,379.5,111.3,14.7
51113,303.8,86.9,10.2
51115,343.4,84.1,10.1
51117,343.3,112.3,13.6
51119,336.5,75.5,10.8
51121,276.9,87.9,11.0
51125,344.4,68.6,10.7
51127,317.0,79.2,9.9
51131,365.7,105.7,12.9
51133,326.2,76.9,10.8
51135,431.4,97.5,14.5
51137,302.1,58.3,10.2
51139,318.3,82.2,10.7
51141,360.7,76.1,11.4
51143,322.6,88.3,13.0
51145,287.3,72.0,9.4
51147,373.2,100.2,14.3
51149,227.5,74.0,12.3
51153,213.1,62.6,10.8
51155,399.9,85.9,10.8
51157,290.9,82.2,10.1
51159,363.1,90.6,12.7
51161,291.6,84.8,9.5
51163,309.6,69.6,10.1
51165,285.5,74.0,10.1
51167,409.6,79.3,11.8
51169,389.0,76.8,12.1
51171,310.3,77.2,11.0
51173,418.6,75.2,11.8
51175,337.5,94.1,12.1
51177,257.2,62.0,11.1
51179,264.4,65.6,10.2
51181,316.1,78.7,12.4
51183,385.2,83.6,14.4
51185,434.7,70.3,12.4
51187,312.3,81.1,10.7
51191,341.4,77.6,10.3
51193,305.1,67.6,13.2
51195,432.9,88.7,12.7
51197,437.9,73.2,11.0
51199,230.2,76.5,9.4
51510,197.2,60.0,9.8
51520,456.7,80.6,11.8
51530,429.6,61.5,11.9
51540,297.6,75.4,11.5
51550,298.2,97.8,11.6
51570,374.1,84.7,10.5
51580,492.6,81.1,13.4
51590,502.3,91.1,16.6
51595,557.8,127.3,16.6
51600,304.9,66.6,10.2
51610,194.6,103.6,7.8
51620,473.1,210.3,15.1
51630,269.5,62.2,11.6
51640,381.6,96.7,13.9
51650,352.0,89.5,13.8
51660,293.1,79.8,13.9
51670,437.7,78.2,16.1
51678,377.9,60.7,10.5
51680,379.7,123.3,12.5
51683,296.9,80.1,11.8
51685,180.4,64.7,13.9
51690,682.4,182.6,15.9
51700,363.9,94.7,13.3
51710,405.7,102.4,13.6
51720,436.3,153.7,13.1
51730,545.7,96.6,17.0
51735,308.8,82.7,8.8
51740,392.0,93.6,14.9
51750,388.8,104.5,13.7
51760,324.7,86.0,13.5
51770,407.8,109.2,13.2
51775,389.7,86.3,10.4
51790,360.8,75.3,10.7
51800,342.6,91.8,12.1
51810,277.7,93.1,11.2
51820,374.1,60.8,11.4
51830,228.2,71.3,11.3
51840,315.0,73.7,12.9
53001,269.1,89.6,13.1
53003,302.8,60.9,9.3
53005,269.3,75.8,9.4
53007,240.3,59.6,8.7
53009,269.0,70.8,8.2
53011,280.5,93.4,8.4
53013,271.1,82.4,8.7
53015,331.3,107.0,9.3
53017,248.1,64.8,9.5
53019,288.5,71.9,10.4
53021,259.6,90.8,11.3
53023,308.1,60.9,8.3
53025,302.8,79.5,10.8
53027,320.3,74.0,10.5
53029,245.0,62.7,7.7
53031,255.4,69.3,8.0
53033,224.5,56.3,7.2
53035,272.5,78.7,8.3
53037,250.1,60.2,8.9
53039,203.8,72.5,8.7
53041,349.9,86.3,9.6
53043,281.3,72.3,8.3
53045,294.1,72.2,9.2
53047,270.0,73.2,10.4
53049,410.5,79.8,9.9
53051,265.4,71.4,9.3
53053,293.2,84.5,9.9
53055,165.3,41.4,7.0
53057,251.5,77.2,8.5
53059,219.5,82.1,8.2
53061,242.0,62.1,8.3
53063,268.3,71.5,9.1
53065,271.5,71.5,9.1
53067,248.5,74.9,8.9
53069,318.5,90.0,9.7
53071,265.3,70.5,9.2
53073,235.5,64.8,7.9
53075,289.3,63.8,9.9
53077,409.5,59.6,12.1
54001,365.3,56.1,13.8
54003,324.3,76.8,12.0
54005,408.2,86.4,13.1
54007,347.8,90.8,14.4
54009,401.6,80.2,11.7
54011,356.3,91.8,13.2
54013,358.3,68.2,15.1
54015,363.1,90.2,14.2
54017,306.8,53.2,13.2
54019,407.9,92.5,13.8
54021,371.5,70.6,14.5
54023,337.0,63.6,12.2
54025,377.3,88.6,12.9
54027,314.8,71.6,12.4
54029,434.0,75.1,12.5
54031,341.3,70.8,14.2
54033,388.6,53.8,12.6
54035,352.4,82.6,13.4
54037,307.9,62.0,11.2
54039,362.4,89.6,12.4
54041,444.4,73.2,13.4
54043,395.9,84.8,14.4
54045,502.1,73.7,14.2
54047,466.0,76.5,17.4
54049,481.4,63.0,12.6
54051,382.4,76.0,12.4
54053,370.4,93.7,13.2
54055,435.0,72.6,13.6
54057,403.0,67.5,11.7
54059,524.7,94.7,15.8
54061,333.4,49.8,12.1
54063,390.6,77.1,13.1
54065,342.4,79.4,12.2
54067,360.1,91.8,12.6
54069,404.6,78.5,12.0
54071,291.8,69.2,12.6
54073,434.1,69.6,12.2
54075,349.0,80.0,13.7
54077,374.9,53.1,12.6
54079,360.2,89.8,11.3
54081,474.4,88.7,14.2
54083,339.2,68.4,12.7
54085,398.9,61.2,13.3
54087,355.0,84.9,14.5
54089,415.6,83.7,14.3
54091,388.4,52.7,12.6
54093,414.3,63.5,11.9
54095,350.0,70.6,12.8
54097,344.0,57.7,13.3
54099,342.6,89.0,13.1
54101,355.3,87.0,14.1
54103,369.4,73.2,12.8
54105,375.2,67.7,13.3
54107,411.1,70.7,13.0
54109,474.8,83.7,14.3
55001,288.7,60.0,11.2
55003,368.4,59.4,10.8
55005,313.0,57.2,9.8
55007,259.6,59.6,9.2
55009,344.3,57.2,9.3
55011,308.0,64.8,9.4
55013,280.2,62.0,10.0
55015,286.4,62.4,8.5
55017,323.0,56.2,9.4
55019,313.8,66.7,10.2
55021,280.2,70.6,9.0
55023,270.5,69.9,10.1
55025,240.3,58.0,8.1
55027,375.4,72.5,9.2
55029,279.3,46.2,8.6
55031,283.7,63.0,9.4
55033,291.6,58.7,9.3
55035,314.6,65.9,8.9
55037,284.9,66.9,9.2
55039,312.2,70.1,9.3
55041,343.9,62.1,12.0
55043,284.7,59.4,10.3
55045,303.6,71.9,8.7
55047,381.9,72.8,10.1
55049,270.0,60.8,8.6
55051,364.5,64.8,9.6
55053,299.8,70.8,10.6
55055,313.5,72.0,8.9
55057,293.0,67.6,10.9
55059,328.9,82.8,10.0
55061,297.2,53.7,9.2
55063,287.8,69.9,9.3
55065,285.9,66.3,9.8
55067,323.3,67.5,10.0
55069,315.6,67.7,9.5
55071,333.8,61.2,9.2
55073,303.1,65.7,8.8
55075,468.5,57.5,9.9
55077,295.7,65.8,10.1
55078,345.4,72.3,15.3
55079,379.1,78.0,12.4
55081,282.7,74.9,10.4
55083,374.5,56.5,9.4
55085,328.7,63.4,9.3
55087,302.4,58.6,8.9
55089,278.3,64.1,7.8
55091,302.6,70.1,9.0
55093,270.8,67.9,8.9
55095,293.2,61.0,9.2
55097,293.3,60.5,8.7
55099,343.3,64.3,10.0
55101,342.6,78.2,10.4
55103,281.0,69.3,10.1
55105,327.3,82.3,10.3
55107,327.3,57.9,10.6
55109,263.7,58.8,8.1
55111,279.2,63.0,9.8
55113,309.2,61.6,10.4
55115,309.1,59.7,9.7
55117,317.9,67.7,9.3
55119,324.2,64.5,9.5
55121,303.5,69.8,9.8
55123,278.2,71.4,9.7
55125,339.0,64.2,8.9
55127,315.1,66.9,9.2
55129,301.3,60.4,9.7
55131,298.2,73.6,8.1
55133,245.8,68.3,8.2
55135,313.2,63.2,10.0
55137,310.7,67.7,10.2
55139,261.0,63.9,9.9
55141,294.0,64.7,9.7
56001,252.5,70.1,9.2
56003,317.3,71.5,9.8
56005,332.8,63.3,9.1
56007,315.4,58.9,10.7
56009,294.4,61.3,9.3
56011,312.4,54.3,8.4
56013,335.6,64.2,10.1
56015,274.6,59.5,9.7
56017,330.7,71.0,10.0
56019,320.2,64.1,9.3
56021,264.5,62.1,9.3
56023,303.7,62.3,8.9
56025,318.4,63.7,9.6
56027,274.8,65.3,9.8
56029,307.5,69.7,8.7
56031,270.9,61.3,9.6
56033,288.3,67.8,8.4
56035,256.5,46.8,8.4
56037,348.8,48.9,10.0
56039,155.9,36.5,7.3
56041,376.1,43.0,9.3
56043,328.3,66.4,10.3
56045,307.4,57.2,9.7
60000,9.1,3.6,
66010,557.0,118.6,
69000,316.8,113.4,
72001,234.1,48.7,
72003,215.2,37.8,
72005,220.7,45.9,
72007,194.4,42.0,
72009,205.7,46.3,
72011,211.0,39.8,
72013,195.6,42.6,
72015,230.3,64.5,
72017,194.6,45.9,
72019,154.5,46.4,
72021,204.7,50.3,
72023,230.8,43.0,
72025,199.8,44.1,
72027,183.6,35.4,
72029,186.4,42.7,
72031,192.3,42.8,
72033,200.3,45.8,
72035,198.2,44.1,
72037,197.4,46.6,
72039,209.6,44.9,
72041,184.3,43.5,
72043,231.5,53.0,
72045,165.7,46.0,
72047,179.1,45.2,
72049,227.5,41.9,
72051,179.5,43.8,
72053,221.1,41.8,
72054,229.0,44.8,
72055,273.1,46.8,
72057,218.4,63.8,
72059,276.5,49.5,
72061,197.1,39.4,
72063,186.1,42.4,
72065,162.0,39.7,
72067,222.2,42.6,
72069,165.9,32.7,
72071,200.9,38.4,
72073,256.5,49.8,
72075,251.1,51.9,
72077,184.9,38.3,
72079,250.9,40.7,
72081,284.9,39.9,
72083,223.7,39.5,
72085,176.0,31.3,
72087,189.0,39.9,
72089,177.4,46.4,
72091,213.0,49.7,
72093,201.4,42.3,
72095,253.6,36.6,
72097,216.4,40.4,
72099,216.4,39.9,
72101,183.5,48.1,
72103,175.3,46.4,
72105,174.3,48.4,
72107,214.1,51.5,
72109,230.2,43.6,
72111,269.6,52.1,
72113,273.2,51.0,
72115,184.2,34.9,
72117,201.0,31.8,
72119,186.6,50.5,
72121,264.3,42.5,
72123,218.8,53.3,
72125,233.5,43.6,
72127,197.4,44.4,
72129,186.6,39.0,
72131,211.2,35.2,
72133,236.5,52.5,
72135,194.5,47.9,
72137,201.9,48.7,
72139,192.3,44.1,
72141,183.5,44.8,
72143,168.8,45.7,
72145,196.2,49.0,
72147,227.5,61.9,
72149,232.7,53.3,
72151,152.6,31.9,
72153,275.8,45.0,
78010,,,
78020,,,
78030,,,
