fips,lung_cancer_death_rate,lung_cancer_avg_annual_count
12125,99.0,20
21189,90.8,5
54043,85.5,27
13003,84.6,8
55078,84.6,4
21051,84.3,22
21131,84.0,13
47169,83.3,10
21193,83.1,33
17003,81.5,8
21147,81.4,17
29203,80.5,10
21085,79.2,29
21031,79.2,14
27087,77.7,6
21053,77.4,11
21071,77.0,41
21135,76.7,15
21169,76.1,12
29143,76.0,19
21095,76.0,29
21025,74.0,14
21039,73.9,6
21013,73.8,26
21075,73.8,7
21235,73.6,34
21121,73.5,30
29187,73.4,66
21197,73.3,13
05111,73.0,23
18143,72.8,25
21041,72.3,10
29123,71.3,14
54059,71.2,24
40115,71.1,29
40061,70.9,13
47173,70.9,21
21191,70.8,13
21207,70.7,20
47101,70.2,14
22035,70.0,6
40089,69.9,29
29223,69.9,14
47013,69.7,43
29069,69.3,26
40001,69.2,17
20061,69.0,17
29093,68.9,11
46121,68.7,3
20049,68.6,3
40099,68.5,15
39163,68.2,12
29181,68.1,11
18079,67.7,24
21203,67.4,16
21139,67.2,10
54021,67.1,7
40135,67.1,38
13201,67.1,6
47133,67.0,24
47081,67.0,24
21173,66.9,25
29055,66.9,24
21195,66.7,57
39001,66.5,27
47111,66.5,21
20095,66.5,7
39087,66.4,57
05075,66.4,15
47083,66.4,9
48083,66.4,10
21127,66.2,16
40029,66.1,5
21165,66.1,7
31087,66.0,3
21159,66.0,10
21043,66.0,27
47053,65.9,45
40127,65.8,12
05109,65.7,11
51195,65.7,34
47033,65.5,13
05067,65.5,15
21057,65.4,7
29155,65.4,14
47057,65.3,24
45033,65.3,25
21129,65.2,7
29103,65.1,4
17125,65.0,14
21119,64.9,14
29035,64.9,5
28161,64.8,13
54005,64.6,22
21219,64.6,10
28163,64.5,19
05047,64.5,17
29221,64.4,22
05079,64.4,10
47143,64.2,30
17047,64.2,6
21149,64.0,9
38079,63.9,8
29139,63.7,11
47025,63.5,32
45023,63.4,29
51105,63.3,24
29177,63.3,22
21171,63.2,10
40091,63.2,22
47041,63.2,19
18111,63.2,14
40075,63.2,8
48373,63.0,41
12133,62.8,23
47097,62.8,21
39071,62.8,40
05093,62.7,30
19071,62.6,7
51670,62.5,17
21065,62.4,13
21023,62.3,7
13283,62.2,6
29121,62.2,15
28093,62.1,29
13005,62.0,9
21105,62.0,6
48455,61.8,17
28141,61.8,18
51103,61.7,15
21087,61.5,11
05039,61.4,7
12029,61.3,18
29207,61.3,27
21137,61.3,21
51037,61.2,12
28053,61.2,6
05017,61.2,10
19147,61.1,9
29153,61.1,11
21175,61.1,12
21003,61.0,18
40067,61.0,5
17183,60.9,66
05099,60.7,8
47039,60.7,12
21237,60.7,6
40015,60.7,20
29125,60.5,9
29015,60.5,26
28137,60.5,22
21009,60.4,36
47087,60.3,13
51640,60.3,5
21205,60.2,17
39145,60.2,61
47131,60.2,29
54041,60.2,16
05065,60.1,15
51730,60.0,26
12123,60.0,20
21035,59.9,29
39065,59.9,23
21125,59.9,49
29065,59.8,14
18165,59.8,13
05129,59.8,9
18125,59.7,11
21097,59.7,16
21063,59.6,7
26051,59.6,30
31173,59.6,4
39131,59.6,24
46087,59.6,4
18175,59.5,24
21217,59.5,21
40005,59.3,12
40033,59.3,5
51173,59.2,30
47095,59.2,5
54047,59.1,18
40069,59.1,8
21183,59.1,19
21153,59.1,10
40111,59.0,30
26143,59.0,30
05013,59.0,5
21061,58.9,12
28083,58.8,19
05071,58.8,20
12047,58.8,12
18065,58.8,43
47005,58.8,16
47045,58.8,30
29023,58.8,36
05127,58.7,9
05019,58.7,16
21011,58.7,10
18115,58.6,6
02180,58.6,4
37153,58.6,35
26079,58.5,17
29105,58.5,30
17057,58.5,30
37177,58.4,4
26129,58.4,25
21027,58.3,18
40063,58.3,11
29205,58.0,6
21045,58.0,15
05121,57.9,16
21099,57.9,15
47029,57.9,35
21221,57.8,14
54103,57.8,14
22049,57.8,14
29133,57.7,10
45069,57.7,22
21001,57.6,16
39059,57.6,34
26039,57.6,15
18049,57.5,18
01061,57.5,23
01019,57.5,25
54065,57.5,18
18133,57.5,29
05021,57.5,14
28143,57.4,6
29175,57.4,19
47123,57.4,43
40107,57.4,9
47167,57.4,42
47077,57.3,24
47049,57.3,18
05083,57.3,19
20021,57.3,17
12059,57.2,18
45025,57.2,36
40095,57.1,15
18007,57.1,7
13213,57.1,29
47003,57.1,34
29063,57.0,9
40085,57.0,8
40133,57.0,19
13079,57.0,10
45087,56.9,25
40023,56.9,12
45061,56.9,13
26119,56.9,11
28011,56.8,22
28027,56.8,16
47181,56.8,14
05135,56.7,19
28039,56.7,16
47137,56.6,6
28151,56.6,34
19177,56.6,7
05089,56.6,19
26135,56.6,10
17069,56.6,4
18053,56.5,54
47139,56.5,16
17025,56.4,11
47069,56.3,20
29159,56.2,32
18055,56.2,26
21157,56.2,30
54099,56.1,35
54019,56.1,36
26069,56.1,29
23025,56.1,48
48385,56.0,3
01059,56.0,23
17121,56.0,31
29003,56.0,15
51183,55.9,9
27159,55.9,12
13055,55.8,20
22053,55.8,24
22003,55.8,15
22001,55.7,40
17051,55.7,17
17135,55.7,24
47117,55.6,26
20013,55.6,8
05055,55.6,33
39067,55.5,14
12041,55.5,17
40129,55.5,3
54053,55.5,23
54025,55.5,31
40101,55.5,49
22037,55.5,16
47073,55.5,52
40121,55.4,36
12107,55.4,71
40125,55.4,52
05137,55.4,14
47061,55.4,12
05035,55.3,30
47151,55.2,16
40079,55.2,37
47085,55.2,17
54073,55.2,6
28107,55.1,24
21079,55.1,14
48119,55.1,5
46019,55.1,8
47021,55.1,29
05049,55.1,13
12075,55.0,46
47109,55.0,22
17127,54.9,12
51147,54.9,14
47031,54.8,43
39079,54.8,25
17053,54.8,11
05025,54.8,7
39127,54.8,28
47043,54.7,39
47017,54.7,24
47107,54.7,45
21199,54.7,53
18149,54.7,20
29119,54.7,16
02290,54.6,3
21155,54.6,14
27107,54.6,6
28131,54.6,12
17131,54.6,14
51135,54.6,12
17107,54.6,23
47183,54.5,25
26035,54.5,30
40117,54.5,13
21167,54.4,18
21233,54.4,10
36097,54.4,16
21115,54.4,18
22085,54.3,19
48405,54.3,8
40021,54.3,35
40105,54.2,8
51127,54.2,16
05057,54.2,15
51071,54.1,15
37133,54.1,86
51595,54.1,4
37155,54.1,77
54017,54.1,7
47079,54.0,30
20163,54.0,5
45029,53.9,31
18009,53.9,11
28111,53.9,9
54033,53.9,53
17153,53.8,5
51570,53.8,15
40071,53.8,34
37165,53.7,25
47135,53.7,7
17039,53.6,13
26007,53.5,27
22047,53.5,22
28007,53.5,14
01071,53.5,44
28135,53.5,9
27069,53.4,4
40037,53.3,54
47067,53.3,6
28157,53.3,6
21047,53.3,36
47129,53.3,16
17021,53.2,26
51005,53.2,15
21107,53.2,35
18117,53.1,16
05105,53.1,9
29149,53.1,8
22117,53.1,34
47159,53.1,15
27065,53.0,14
54087,53.0,12
48023,53.0,3
47071,52.9,24
51620,52.9,6
47023,52.9,12
05033,52.9,43
29217,52.9,15
39019,52.8,23
28117,52.8,18
39073,52.8,23
54091,52.8,14
54093,52.8,7
12013,52.7,11
21109,52.7,9
21163,52.7,20
12121,52.7,39
54109,52.7,18
20205,52.6,7
48213,52.6,71
29195,52.6,16
28081,52.6,53
17083,52.6,17
28043,52.6,16
51081,52.5,7
54049,52.5,43
29091,52.5,31
17149,52.5,13
18093,52.5,36
37075,52.4,8
51007,52.4,11
18041,52.4,19
17081,52.4,28
48063,52.4,9
29113,52.3,35
01079,52.3,26
51820,52.3,16
19039,52.2,7
02185,52.2,3
20191,52.2,18
13105,52.2,16
18045,52.2,14
21133,52.2,18
37163,52.2,43
47175,52.2,6
13107,52.2,15
47115,52.2,23
21187,52.1,9
17061,52.1,10
21161,52.1,13
12093,52.1,33
47177,52.1,30
40097,52.1,28
39053,52.0,23
05031,52.0,63
17165,52.0,20
38081,52.0,4
01127,52.0,50
13225,51.9,19
21081,51.9,15
39047,51.9,20
18103,51.8,25
17063,51.8,31
48399,51.8,8
20007,51.8,4
01005,51.7,19
21077,51.7,6
22009,51.7,28
18155,51.7,7
05123,51.6,15
18139,51.6,13
21069,51.6,11
51520,51.6,14
28013,51.6,10
20209,51.6,88
22115,51.5,26
29225,51.4,24
21177,51.4,24
28115,51.4,19
29057,51.4,7
22041,51.4,14
54003,51.3,77
48067,51.3,25
45055,51.3,49
39027,51.3,30
21151,51.2,54
17199,51.2,51
29141,51.2,19
28035,51.2,42
18035,51.2,76
54045,51.1,27
29007,51.1,18
21083,51.1,27
39141,51.0,54
28139,51.0,15
21093,51.0,67
47121,51.0,11
13231,51.0,13
42053,51.0,6
29085,51.0,8
21103,50.9,12
45067,50.9,22
47161,50.9,11
37033,50.8,20
48231,50.8,66
18153,50.8,15
21231,50.8,16
18101,50.8,8
48161,50.8,15
47147,50.8,45
40009,50.7,13
40049,50.7,18
28091,50.7,17
13319,50.7,7
20099,50.7,16
26071,50.7,13
47059,50.7,60
29099,50.6,146
54063,50.6,12
20001,50.6,10
13025,50.6,13
39015,50.5,33
05053,50.5,13
40003,50.5,4
05059,50.5,25
51027,50.5,17
21213,50.5,13
22109,50.5,64
48035,50.4,18
51187,50.4,27
47185,50.4,21
17171,50.3,4
22039,50.3,20
54081,50.3,58
54001,50.2,12
48363,50.2,22
21141,50.2,20
28079,50.2,14
26059,50.2,36
22119,50.2,28
45021,50.2,38
21091,50.2,7
18077,50.2,24
13279,50.1,18
47027,50.1,7
48237,50.1,5
28033,50.1,97
19145,50.1,13
05001,50.1,13
13229,50.0,13
48419,50.0,17
37047,49.9,39
51169,49.9,20
48365,49.9,17
21049,49.9,26
54107,49.9,65
54029,49.9,25
29111,49.9,7
26033,49.8,25
37157,49.8,73
29083,49.8,19
29017,49.8,9
13209,49.8,6
24011,49.8,22
18109,49.8,50
47063,49.7,44
29005,49.7,5
28149,49.7,31
13299,49.6,23
05069,49.6,46
51017,49.6,4
37027,49.6,63
18019,49.6,78
40045,49.6,3
39105,49.6,17
28109,49.6,41
29059,49.5,13
18161,49.5,5
29135,49.5,10
13149,49.4,8
51029,49.4,12
18135,49.4,18
47141,49.3,50
05009,49.3,29
18083,49.3,25
13173,49.3,6
39081,49.3,52
47089,49.3,43
19115,49.2,8
12003,49.2,16
28047,49.2,129
40051,49.2,36
48343,49.2,10
40019,49.2,31
21225,49.2,10
13081,49.2,15
13195,49.1,21
12129,49.1,22
23029,49.1,27
21123,49.1,10
21007,49.1,6
28145,49.1,18
05107,49.1,12
13129,49.1,36
47091,49.1,15
01067,49.1,15
20043,49.1,6
51051,49.0,12
01093,49.0,23
39117,49.0,25
02050,49.0,4
29117,49.0,11
01015,48.9,78
05091,48.9,28
17157,48.9,24
48277,48.9,36
27167,48.8,5
05023,48.8,24
40013,48.8,30
47055,48.8,24
01027,48.8,11
05005,48.8,44
30041,48.8,9
21227,48.8,69
13065,48.7,4
17041,48.7,13
13099,48.7,7
47163,48.7,127
39115,48.7,12
19087,48.7,15
12079,48.6,15
47099,48.6,30
17181,48.6,14
27117,48.6,7
54015,48.6,6
18113,48.6,29
54009,48.6,19
48315,48.5,10
12063,48.5,36
47015,48.5,9
29185,48.5,9
17115,48.5,76
48411,48.5,4
05103,48.4,17
20027,48.4,7
22011,48.4,22
48147,48.4,25
37151,48.4,99
37057,48.4,119
28017,48.4,12
18095,48.4,89
36073,48.4,28
17095,48.3,39
18145,48.3,31
47171,48.3,15
13233,48.3,25
22083,48.3,13
23021,48.3,15
22025,48.2,6
19179,48.2,23
40103,48.2,8
17159,48.2,12
21019,48.2,35
18029,48.2,35
37191,48.2,74
01021,48.1,29
13305,48.1,19
05141,48.1,15
22027,48.1,11
26095,48.1,5
12017,48.1,180
37197,48.1,28
01053,48.0,25
38005,48.0,3
29053,48.0,11
48051,47.9,14
17101,47.9,10
48459,47.9,28
51770,47.9,63
29089,47.9,7
48407,47.8,23
53015,47.8,75
55051,47.8,7
30061,47.8,4
18119,47.8,16
01095,47.7,63
20145,47.7,5
47019,47.7,44
39119,47.7,58
51690,47.7,9
13069,47.7,24
48291,47.7,45
29115,47.7,9
28077,47.7,8
21117,47.6,93
45027,47.6,25
54037,47.6,37
29109,47.6,26
51530,47.6,5
54083,47.6,22
18013,47.6,13
48457,47.6,15
36075,47.6,75
56045,47.5,5
29171,47.5,4
21059,47.5,65
22081,47.5,6
22107,47.5,4
22067,47.5,17
20197,47.5,5
20037,47.5,22
37171,47.5,54
29127,47.5,20
17099,47.5,78
12007,47.5,19
29021,47.4,53
40147,47.4,37
28119,47.4,4
01029,47.4,11
22097,47.4,51
37111,47.4,34
48001,47.4,32
13193,47.4,8
21033,47.4,9
26011,47.3,13
51141,47.3,16
39031,47.3,26
22123,47.3,7
51185,47.3,32
42059,47.3,25
29009,47.2,27
05095,47.2,6
48387,47.2,10
01045,47.2,32
37073,47.2,8
22043,47.2,13
17187,47.2,12
28153,47.1,12
21089,47.1,27
28015,47.1,8
19175,47.1,9
39013,47.1,48
17137,47.1,24
54039,47.1,134
54011,47.1,63
01111,47.1,16
18181,47.1,18
47011,47.1,69
28051,47.1,10
22111,47.0,16
26123,47.0,37
27029,47.0,6
42099,47.0,32
28045,47.0,35
13019,47.0,12
22101,47.0,32
51097,47.0,6
13091,46.9,14
18167,46.9,66
29179,46.9,5
28009,46.9,5
48483,46.9,4
01121,46.9,56
18121,46.8,11
37101,46.8,111
48133,46.8,14
28031,46.8,12
54069,46.7,31
45059,46.7,46
05027,46.7,14
42057,46.7,11
31147,46.7,7
28067,46.6,41
17055,46.6,27
20107,46.6,8
48503,46.6,13
22045,46.6,40
12023,46.5,50
47001,46.5,56
28085,46.5,22
21179,46.5,29
13175,46.5,31
39129,46.5,35
37143,46.5,12
48097,46.5,29
40081,46.5,24
01075,46.5,11
05003,46.4,14
36015,46.4,59
48037,46.4,56
51139,46.4,19
17191,46.4,13
05145,46.4,47
29041,46.4,6
29201,46.4,25
17117,46.4,32
28095,46.3,24
20035,46.3,23
19015,46.3,17
26117,46.3,43
28023,46.3,12
26107,46.3,27
54007,46.3,11
37181,46.2,28
05081,46.2,9
20139,46.2,11
37017,46.2,24
21223,46.2,5
26153,46.2,7
54035,46.2,21
13255,46.2,44
12033,46.2,200
01037,46.2,9
39097,46.2,26
28001,46.1,22
18031,46.1,17
51111,46.1,10
18067,46.1,57
22127,46.0,9
29131,46.0,17
05085,46.0,40
29097,46.0,70
29013,46.0,11
01039,46.0,29
20059,45.9,16
13263,45.9,5
18061,45.9,27
39167,45.9,45
54085,45.9,7
18131,45.9,9
22105,45.9,72
29075,45.9,4
01009,45.9,39
13311,45.9,22
37103,45.9,8
17077,45.8,29
01007,45.8,14
13049,45.8,7
39125,45.8,12
26105,45.8,24
37085,45.8,67
37049,45.8,68
48361,45.8,49
26121,45.7,110
26133,45.7,17
37083,45.7,35
54055,45.7,43
37173,45.7,10
01115,45.7,58
37093,45.7,21
01055,45.7,69
22063,45.6,72
29145,45.6,39
28099,45.6,16
13119,45.6,17
26023,45.6,29
55023,45.6,13
48099,45.6,32
29079,45.6,8
18073,45.5,22
12077,45.5,4
13295,45.5,46
51025,45.5,12
40137,45.5,30
18043,45.5,48
13187,45.4,20
48497,45.4,39
40031,45.4,59
39155,45.4,147
28057,45.4,15
05117,45.3,7
48007,45.3,22
42131,45.3,19
28123,45.3,15
20133,45.3,11
26075,45.3,104
22007,45.3,13
51590,45.3,30
48401,45.3,31
26025,45.3,84
51117,45.2,27
37107,45.2,38
29215,45.2,18
39101,45.2,42
05041,45.2,8
51077,45.2,13
21101,45.1,30
17119,45.1,165
51119,45.1,11
51193,45.1,17
28159,45.1,12
37091,45.1,15
05037,45.1,11
21055,45.1,6
01113,45.1,32
13143,45.1,17
01063,45.1,6
24015,45.0,61
36101,45.0,65
37131,45.0,16
47125,45.0,81
42083,45.0,28
01109,45.0,17
37065,45.0,35
39135,45.0,28
55067,45.0,16
17193,45.0,10
24045,44.9,58
20125,44.9,21
08099,44.9,7
13227,44.9,25
19045,44.9,32
13183,44.9,6
26101,44.9,22
22075,44.8,12
48499,44.8,41
26147,44.8,108
26085,44.8,11
18025,44.8,8
19155,44.8,57
40011,44.7,6
01057,44.7,12
37117,44.7,18
18097,44.7,441
05087,44.7,11
13321,44.7,14
18177,44.7,44
24039,44.7,15
28019,44.7,6
05139,44.7,24
05147,44.7,5
13115,44.6,57
31143,44.6,4
17065,44.6,6
22087,44.6,20
26155,44.6,46
45039,44.6,16
26027,44.6,37
29071,44.6,68
48179,44.5,12
36035,44.5,36
17075,44.5,20
13313,44.5,54
13269,44.5,5
01051,44.4,50
37071,44.4,134
47145,44.4,42
18017,44.3,23
26017,44.3,71
05115,44.3,36
37007,44.3,15
48379,44.3,10
28127,44.3,17
13205,44.3,13
05097,44.3,8
34033,44.3,42
17023,44.3,11
48075,44.2,4
46077,44.2,4
13015,44.2,56
18075,44.2,13
51009,44.2,22
51191,44.2,41
51101,44.2,11
41001,44.2,14
13197,44.1,6
13293,44.1,18
37167,44.1,40
12045,44.1,12
51680,44.1,38
05133,44.1,8
13301,44.1,4
01025,44.0,16
21037,44.0,54
29229,44.0,11
45085,44.0,60
46102,44.0,4
39023,44.0,89
37003,44.0,25
37023,44.0,63
28029,44.0,17
37051,43.9,146
01065,43.9,10
45005,43.9,5
13013,43.9,38
17103,43.9,24
54089,43.8,9
54095,43.8,7
01001,43.8,33
26001,43.8,11
48257,43.8,60
05029,43.8,13
13267,43.8,13
27017,43.8,22
17143,43.8,107
18069,43.7,22
18071,43.7,26
54013,43.7,5
31039,43.7,6
45071,43.7,26
17185,43.7,8
29029,43.7,41
18021,43.6,17
21211,43.6,26
39011,43.6,29
48485,43.6,67
19057,43.6,26
26149,43.6,38
20087,43.6,12
46099,43.6,90
51155,43.6,24
13103,43.6,30
39009,43.6,30
13071,43.6,25
28059,43.5,80
48241,43.5,22
01033,43.5,38
37001,43.5,99
13273,43.5,6
51149,43.5,19
31051,43.5,4
39091,43.5,29
54101,43.4,6
13023,43.4,8
48313,43.4,7
17179,43.4,83
17071,43.4,5
37059,43.4,30
28129,43.4,10
39123,43.4,34
38071,43.4,8
17005,43.3,10
42127,43.3,39
17091,43.3,61
28063,43.3,4
22015,43.3,65
42107,43.3,98
12067,43.3,5
36045,43.3,57
51083,43.3,27
54075,43.3,6
21113,43.2,29
47075,43.2,12
29049,43.2,14
53047,43.2,30
23011,43.2,84
13191,43.2,10
29081,43.2,6
19093,43.2,5
51580,43.2,4
26049,43.1,246
06049,43.1,8
13035,43.1,14
29061,43.1,5
39033,43.1,28
51175,43.1,13
39089,43.1,103
39021,43.0,24
17029,43.0,27
32021,43.0,4
26131,43.0,7
37187,43.0,9
47155,43.0,64
29219,43.0,22
01041,43.0,9
37169,43.0,33
21029,43.0,46
51740,43.0,48
12113,43.0,103
48159,43.0,7
17141,43.0,33
31127,43.0,5
24510,42.9,289
17155,42.9,4
51600,42.9,11
13017,42.9,10
48335,42.9,4
51033,42.9,18
13257,42.9,17
42051,42.9,90
29067,42.9,9
28037,42.8,5
36033,42.8,29
37141,42.8,38
05131,42.8,71
55057,42.8,19
29027,42.8,25
17045,42.8,13
20117,42.8,6
29101,42.7,24
28005,42.7,10
41043,42.7,79
13167,42.7,6
51099,42.7,13
53045,42.7,47
55077,42.7,13
40123,42.7,22
41011,42.7,54
17033,42.7,12
36019,42.7,49
48351,42.6,9
17139,42.6,9
08121,42.6,3
26041,42.6,28
01133,42.6,16
12027,42.6,25
13317,42.6,7
13303,42.6,12
42121,42.5,38
54051,42.5,22
13083,42.5,10
36057,42.5,31
17173,42.4,15
51053,42.4,18
39025,42.4,120
17145,42.4,13
45001,42.4,17
21209,42.4,25
37031,42.4,54
22057,42.4,52
13275,42.3,28
26067,42.3,34
23003,42.3,52
51073,42.3,25
05011,42.3,6
37159,42.3,85
48223,42.3,22
28101,42.3,12
47051,42.3,27
01103,42.3,72
41065,42.3,18
47113,42.3,56
27115,42.3,21
37161,42.3,45
47103,42.2,23
20159,42.2,6
12053,42.2,166
48475,42.2,5
28061,42.2,10
48337,42.2,15
48181,42.2,80
19073,42.2,7
39029,42.2,68
17017,42.2,7
45009,42.2,9
45031,42.2,38
55113,42.1,16
36115,42.1,41
21021,42.1,18
39139,42.1,78
48193,42.1,7
01043,42.1,54
37053,42.0,17
39077,42.0,34
37015,42.0,12
21145,42.0,43
23019,42.0,94
05125,42.0,73
37193,42.0,46
37045,42.0,61
41019,42.0,86
19151,41.9,6
40131,41.9,53
28113,41.9,22
16061,41.9,3
17067,41.8,13
54067,41.8,18
13179,41.8,22
40087,41.8,21
13029,41.8,17
18169,41.8,21
36039,41.8,35
28003,41.8,21
26165,41.8,21
39003,41.7,59
22019,41.7,105
05043,41.7,10
19133,41.7,7
39007,41.7,62
13163,41.7,9
54097,41.7,16
42123,41.7,28
40041,41.7,31
36037,41.7,36
48057,41.7,12
47009,41.6,91
37061,41.6,31
21111,41.6,411
29510,41.6,142
39143,41.5,37
45049,41.5,11
17123,41.5,8
40077,41.5,7
37115,41.4,14
13207,41.4,17
19123,41.4,13
18183,41.4,21
48403,41.4,9
54105,41.3,4
22091,41.3,7
31095,41.3,6
13189,41.3,13
42081,41.3,70
05015,41.3,20
51775,41.3,16
17109,41.3,15
01123,41.2,28
29033,41.2,6
01085,41.2,7
12005,41.2,105
18091,41.2,67
13011,41.2,11
13087,41.2,16
23017,41.2,43
19117,41.2,5
27061,41.2,33
40119,41.2,33
48467,41.1,39
12043,41.1,10
20121,41.1,20
26057,41.1,23
17059,41.1,4
20041,41.1,11
18123,41.1,11
05073,41.0,5
16039,41.0,12
13177,41.0,14
01049,41.0,40
22095,41.0,20
37199,41.0,15
40035,41.0,9
21017,41.0,13
55001,40.9,19
41033,40.9,69
26151,40.9,29
26063,40.9,24
01013,40.9,12
40151,40.9,5
13245,40.9,95
55013,40.9,15
26073,40.9,27
05061,40.8,7
36031,40.8,28
18027,40.8,16
29045,40.8,4
26115,40.8,93
23001,40.8,65
17073,40.8,32
22113,40.8,29
05077,40.8,5
31053,40.8,22
37079,40.8,11
12083,40.8,311
48227,40.8,14
28087,40.8,30
13281,40.8,12
39149,40.8,26
55019,40.7,19
32023,40.7,47
51710,40.7,95
18023,40.7,17
47165,40.7,102
48217,40.7,23
20167,40.7,5
06103,40.7,39
36023,40.7,24
13045,40.7,55
26157,40.6,36
46015,40.6,3
13075,40.6,9
36117,40.6,57
51790,40.6,16
13157,40.6,36
21239,40.5,17
17163,40.5,133
17195,40.5,36
28049,40.5,110
47153,40.5,10
28133,40.5,12
36089,40.4,62
29173,40.4,8
17049,40.4,19
19193,40.4,50
27141,40.4,39
21005,40.4,12
40109,40.4,349
37121,40.3,11
13285,40.3,35
42005,40.3,45
26061,40.3,20
04015,40.3,195
50011,40.3,28
05045,40.3,54
51001,40.3,25
18107,40.3,22
37195,40.3,45
39157,40.3,56
13221,40.3,9
40047,40.3,32
18015,40.3,12
17175,40.3,4
29169,40.2,17
45041,40.2,74
13235,40.2,7
30043,40.1,8
29087,40.1,3
22099,40.1,27
13171,40.1,10
46065,40.1,9
51840,40.1,15
47007,40.1,9
19097,40.1,13
18005,40.1,43
13093,40.1,7
18085,40.1,42
29151,40.1,7
27165,40.1,6
26109,40.1,18
56017,40.0,4
30003,40.0,5
42115,40.0,29
42039,40.0,55
48199,40.0,30
18081,40.0,78
51089,39.9,35
39171,39.9,22
26021,39.9,96
19067,39.9,10
22021,39.9,6
37069,39.9,39
18157,39.9,69
23015,39.9,30
28075,39.9,40
26099,39.8,481
26029,39.8,19
18033,39.8,23
48005,39.8,44
18163,39.8,97
38049,39.8,3
54027,39.8,16
12091,39.8,105
05113,39.8,14
37013,39.8,32
28147,39.8,9
13199,39.7,13
48253,39.7,9
18059,39.7,43
39113,39.7,294
47189,39.7,75
36083,39.7,87
20003,39.7,5
48135,39.7,50
26009,39.7,19
47179,39.7,77
02130,39.7,7
44003,39.7,102
24009,39.7,47
22017,39.6,129
36041,39.6,5
39095,39.6,224
28069,39.6,6
27025,39.6,29
13251,39.5,9
37077,39.5,33
27001,39.5,15
47149,39.5,120
45047,39.5,40
39017,39.5,186
51133,39.5,13
42105,39.5,12
20077,39.4,4
55005,39.4,32
01097,39.4,212
01069,39.4,59
27009,39.4,17
29073,39.4,10
34011,39.4,73
36063,39.4,127
12131,39.3,46
18173,39.3,36
22069,39.3,18
13161,39.3,8
18047,39.3,13
51171,39.3,28
29107,39.3,19
36013,39.3,77
53019,39.3,7
37145,39.3,25
47105,39.3,43
29157,39.2,11
41015,39.2,22
55059,39.2,78
20103,39.2,39
22031,39.2,15
22059,39.2,7
40065,39.2,12
05149,39.1,11
17011,39.1,23
13289,39.1,6
48349,39.1,27
17105,39.1,20
39109,39.1,61
45089,39.0,20
51159,39.0,6
18141,39.0,134
41041,39.0,41
42049,39.0,153
48073,39.0,27
55111,39.0,37
26159,39.0,44
17169,39.0,5
55049,39.0,13
16009,39.0,7
29211,39.0,4
41057,39.0,21
10001,38.9,96
47093,38.9,232
54079,38.9,33
55041,38.9,7
19105,38.9,13
53069,38.9,4
12127,38.9,408
12019,38.9,112
28041,38.9,7
01017,38.9,20
18087,38.9,17
48353,38.8,8
09015,38.8,62
12101,38.8,377
55105,38.8,85
45007,38.7,111
20173,38.7,241
05063,38.7,20
51735,38.7,7
51167,38.7,18
41035,38.7,42
26031,38.7,20
20015,38.7,32
33017,38.7,65
29039,38.7,10
37039,38.7,25
55003,38.7,10
39151,38.6,215
55107,38.6,10
13241,38.6,12
29167,38.6,18
42047,38.6,20
19013,38.6,65
36009,38.5,45
04012,38.5,17
42079,38.5,190
13001,38.5,10
18151,38.5,21
37067,38.5,185
51057,38.5,7
55031,38.5,26
48289,38.5,11
19143,38.5,4
26127,38.5,17
26163,38.4,854
17001,38.4,40
41009,38.4,32
26137,38.4,16
22077,38.4,13
26113,38.4,10
51137,38.4,22
42125,38.4,129
45063,38.4,147
48375,38.4,48
37087,38.4,44
39039,38.4,22
36003,38.4,27
36095,38.3,19
48429,38.3,5
17201,38.3,149
48203,38.3,36
48307,38.3,5
01099,38.2,12
39069,38.2,15
45051,38.2,247
12039,38.2,25
29163,38.2,9
01023,38.2,9
48347,38.2,29
22055,38.2,103
48395,38.2,10
42013,38.2,71
48031,38.1,8
55129,38.1,13
42069,38.1,128
26087,38.1,51
19153,38.1,202
37127,38.1,53
29077,38.1,146
39099,38.1,138
37139,38.1,22
31025,38.1,14
45083,38.1,162
18179,38.1,15
51197,38.1,17
29047,38.0,113
51036,38.0,5
29209,38.0,26
48331,38.0,16
28089,38.0,46
25005,38.0,297
48251,38.0,79
47119,37.9,52
46029,37.9,16
36025,37.9,32
37109,37.9,49
17129,37.9,7
20123,37.9,4
05051,37.9,67
24019,37.9,21
29001,37.9,11
29037,37.9,57
48449,37.8,13
06015,37.8,16
20085,37.8,7
40153,37.8,10
21215,37.8,9
42031,37.8,21
26013,37.8,5
17015,37.8,10
39161,37.8,17
19007,37.7,8
13095,37.7,41
13243,37.7,4
37055,37.7,23
31131,37.7,10
48367,37.6,72
36053,37.6,39
13141,37.6,6
37005,37.6,9
20143,37.6,3
22079,37.6,64
18147,37.6,12
39175,37.6,13
31021,37.6,5
27043,37.6,9
01077,37.6,53
29095,37.6,328
17167,37.6,104
54071,37.5,5
05101,37.5,5
55101,37.5,99
47035,37.5,51
13021,37.5,73
42007,37.5,104
27023,37.5,8
06033,37.4,44
26053,37.4,11
39061,37.4,379
45011,37.4,11
48177,37.4,10
45057,37.3,57
22121,37.3,12
13111,37.3,21
42109,37.3,22
06115,37.3,31
13109,37.3,5
28025,37.3,10
39133,37.3,81
53027,37.3,48
39045,37.3,77
51125,37.2,11
42093,37.2,10
39153,37.2,287
28121,37.2,73
13169,37.2,15
51143,37.2,39
26043,37.2,17
22073,37.2,72
37035,37.2,84
22089,37.1,21
37147,37.1,70
27093,37.1,14
42087,37.1,28
42097,37.1,56
13277,37.1,19
20031,37.1,5
12051,37.1,16
48473,37.0,19
12009,37.0,415
19185,37.0,3
16075,37.0,14
51131,37.0,8
12065,37.0,10
18127,37.0,86
36099,37.0,18
26091,36.9,55
39169,36.9,60
38105,36.9,11
17037,36.9,38
48293,36.9,13
16079,36.9,8
39147,36.9,29
42085,36.9,68
23027,36.8,26
22125,36.8,7
20029,36.8,5
13271,36.8,6
12089,36.8,58
45053,36.8,18
51145,36.8,16
40039,36.8,11
33001,36.8,41
36065,36.7,124
13009,36.7,21
26045,36.7,58
21229,36.7,6
48059,36.7,8
21073,36.7,26
26097,36.7,8
19019,36.7,11
37097,36.7,91
51650,36.7,63
20155,36.6,34
55071,36.6,48
40143,36.6,281
32510,36.6,33
50003,36.6,24
36017,36.6,28
46047,36.6,5
18039,36.6,90
18171,36.6,5
19187,36.6,20
36105,36.5,42
39063,36.5,38
53049,36.5,20
55137,36.5,17
39037,36.5,29
12031,36.5,432
29025,36.5,5
23031,36.5,126
37009,36.5,20
19053,36.5,4
37137,36.4,10
39085,36.4,132
22013,36.4,7
28073,36.4,27
48321,36.4,17
51700,36.4,73
18003,36.4,165
45091,36.4,121
42133,36.4,239
23007,36.4,18
05119,36.3,180
42117,36.3,25
30085,36.3,4
48285,36.3,13
18159,36.3,9
19085,36.3,8
37019,36.3,113
21143,36.3,6
17161,36.3,78
10005,36.3,177
39043,36.3,46
02220,36.3,4
48183,36.3,55
51750,36.2,5
01073,36.2,302
31111,36.2,19
17087,36.2,7
29137,36.2,6
56015,36.2,7
19163,36.1,84
27091,36.1,12
55079,36.1,368
20157,36.1,3
42101,36.1,639
50015,36.1,13
55081,36.1,23
40145,36.1,40
19157,36.0,11
19065,36.0,11
24043,36.0,77
51023,36.0,21
19099,36.0,20
37041,36.0,10
13215,36.0,84
29011,36.0,6
13039,36.0,23
40113,36.0,27
18105,36.0,54
22093,35.9,11
20177,35.9,91
47157,35.9,370
01087,35.9,11
48437,35.9,3
24001,35.9,38
20115,35.9,8
31081,35.9,5
13253,35.9,6
01031,35.9,26
19037,35.8,7
48297,35.8,6
55085,35.8,27
45073,35.8,50
55095,35.8,27
31043,35.8,8
53051,35.8,9
29043,35.7,41
39111,35.7,8
22051,35.7,209
45017,35.7,9
13181,35.7,5
18001,35.7,16
48027,35.7,122
31107,35.7,6
48221,35.6,43
41059,35.6,35
26005,35.6,58
20073,35.6,4
13085,35.6,16
13315,35.5,4
37029,35.5,5
16035,35.5,7
13123,35.5,21
36011,35.5,43
26077,35.5,111
22065,35.5,5
13047,35.5,34
16087,35.5,7
47065,35.5,178
18051,35.5,16
40083,35.4,23
42025,35.4,39
27169,35.4,23
17147,35.4,9
27051,35.4,4
53013,35.4,3
27015,35.3,15
48143,35.3,17
37185,35.3,13
39173,35.3,57
48281,35.3,13
55053,35.3,12
12035,35.3,94
13127,35.2,49
12105,35.2,394
24013,35.2,84
13261,35.2,14
19063,35.2,6
19077,35.2,7
26019,35.2,12
17177,35.2,27
51087,35.1,149
27047,35.1,18
01011,35.1,5
55027,35.1,45
42055,35.0,83
55099,35.0,10
55045,35.0,19
17197,35.0,264
27121,35.0,7
45079,35.0,154
45015,35.0,91
36067,35.0,227
48077,35.0,6
50021,35.0,37
26015,35.0,31
39035,34.9,630
19127,34.9,20
17113,34.9,67
35009,34.9,17
51917,34.9,48
42073,34.9,52
19051,34.9,5
55103,34.9,11
01131,34.9,6
31001,34.9,15
06089,34.9,99
13297,34.9,45
26145,34.9,100
24025,34.8,119
17079,34.8,5
39057,34.8,80
19023,34.8,8
45037,34.8,14
18063,34.8,70
42067,34.8,13
51550,34.7,95
42033,34.7,44
34029,34.7,373
41031,34.7,11
20131,34.7,6
21181,34.7,4
37105,34.7,30
19113,34.7,103
33003,34.7,36
39083,34.7,31
45003,34.6,91
13223,34.6,55
48167,34.6,148
26065,34.6,108
45035,34.6,64
27095,34.6,13
41013,34.5,16
41049,34.5,5
25013,34.5,216
37081,34.5,222
19111,34.5,19
45077,34.5,60
36123,34.5,13
39051,34.5,21
55135,34.5,29
27081,34.5,4
36121,34.5,21
40093,34.5,4
27049,34.4,26
22061,34.4,18
13137,34.4,23
51109,34.4,22
37025,34.4,84
51011,34.4,9
33019,34.4,26
24037,34.4,44
48239,34.3,8
31067,34.3,12
48299,34.3,18
19089,34.3,5
01003,34.3,130
32019,34.3,33
01081,34.3,62
29213,34.3,32
27059,34.3,19
18089,34.3,228
06021,34.2,12
34041,34.2,56
01107,34.2,10
27171,34.2,52
27133,34.2,5
42075,34.2,74
37123,34.2,15
28103,34.2,4
19025,34.2,6
40073,34.2,7
26103,34.2,33
41045,34.1,14
53041,34.1,45
12015,34.1,176
06007,34.1,96
51113,34.1,8
48219,34.1,9
48003,34.1,5
39093,34.1,156
46093,34.1,13
42015,34.1,35
19141,34.1,8
13287,34.0,4
31119,34.0,16
51810,34.0,183
12049,34.0,11
42061,34.0,25
36029,34.0,461
48055,34.0,18
30015,34.0,3
17111,34.0,129
40027,34.0,112
51760,34.0,82
06093,34.0,28
26081,34.0,249
42065,34.0,24
18137,34.0,14
29183,33.9,177
27111,33.9,36
45075,33.9,42
39049,33.9,444
48279,33.9,6
27137,33.9,105
29189,33.9,476
01047,33.9,19
28097,33.9,6
36113,33.9,38
17035,33.8,5
21067,33.8,119
53057,33.8,70
24005,33.8,392
18099,33.8,21
37113,33.8,25
13211,33.8,11
42003,33.8,619
01035,33.8,7
20169,33.8,27
55083,33.8,22
21015,33.7,53
26055,33.7,50
51035,33.7,19
27151,33.7,6
12055,33.7,85
42045,33.7,254
19035,33.7,7
51067,33.7,33
56009,33.6,6
13159,33.6,7
51093,33.6,20
24017,33.6,60
17203,33.6,18
20127,33.6,4
50023,33.6,31
42129,33.6,211
48139,33.6,68
01119,33.6,6
37125,33.5,59
48245,33.5,102
19125,33.5,16
12061,33.5,130
48145,33.5,8
13033,33.5,11
51085,33.5,53
51069,33.5,44
27007,33.4,20
54077,33.4,18
48389,33.4,4
29031,33.4,36
09011,33.4,133
35051,33.4,10
12103,33.4,615
38093,33.4,11
34015,33.4,127
39107,33.4,20
47037,33.4,234
28105,33.4,16
53009,33.4,56
38067,33.4,4
19121,33.4,7
22029,33.3,8
48127,33.3,4
48049,33.3,20
40017,33.3,57
55069,33.3,17
55011,33.3,8
53075,33.3,13
56037,33.3,15
48039,33.2,124
30013,33.2,41
22103,33.2,118
12069,33.2,254
29051,33.1,35
55043,33.1,24
27113,33.1,7
17189,33.1,7
27157,33.1,12
10003,33.1,243
38035,33.1,25
13153,33.1,59
06023,33.1,62
13097,33.1,45
48225,33.0,12
12037,33.0,8
48265,33.0,37
56013,33.0,19
55075,33.0,26
45043,33.0,43
48445,33.0,4
31055,33.0,204
34001,32.9,132
17133,32.9,17
34009,32.9,64
31089,32.9,6
19009,32.9,4
36077,32.9,30
27119,32.8,15
36093,32.8,71
51800,32.8,38
20005,32.8,7
20161,32.8,17
50005,32.8,17
27075,32.8,7
45081,32.8,10
55047,32.8,10
17007,32.7,23
22005,32.7,42
19005,32.7,7
46011,32.7,12
39165,32.7,97
48423,32.7,101
32001,32.7,12
17027,32.7,17
42035,32.7,18
05007,32.7,101
36007,32.7,98
41039,32.6,185
28065,32.6,7
53053,32.6,334
55063,32.6,51
55125,32.6,17
36107,32.6,26
02170,32.5,36
26047,32.5,19
36071,32.5,148
16021,32.5,7
27153,32.5,14
19029,32.5,8
27079,32.5,13
42001,32.5,54
51830,32.5,6
20149,32.4,10
42009,32.4,26
27035,32.4,39
30053,32.4,14
36043,32.4,32
12111,32.4,201
38089,32.3,11
19149,32.3,12
42103,32.3,34
50019,32.3,15
37129,32.3,102
31153,32.3,60
55121,32.3,14
01101,32.2,89
37179,32.2,83
12001,32.2,101
53067,32.2,128
25011,32.2,40
44007,32.2,265
36051,32.2,30
23009,32.2,34
29186,32.2,9
27173,32.2,5
26093,32.2,89
46103,32.1,49
36085,32.1,203
37089,32.1,70
19183,32.1,11
46109,32.1,5
27105,32.1,9
20151,32.1,5
51163,32.1,14
13165,32.1,3
24047,32.1,36
01125,32.1,81
30083,32.1,4
56021,32.1,41
38101,32.1,23
25027,32.1,355
54031,32.0,7
48175,32.0,4
51177,32.0,52
48451,32.0,48
51630,32.0,8
13217,32.0,39
53059,31.9,7
26111,31.9,41
23005,31.9,144
04011,31.9,3
34007,31.9,209
48071,31.9,15
28021,31.9,3
51179,31.9,45
46027,31.9,5
28155,31.9,5
36091,31.8,109
39103,31.8,86
29019,31.8,61
51065,31.8,13
31027,31.8,4
19095,31.7,8
20011,31.7,6
13077,31.7,55
48309,31.7,96
24041,31.7,26
48053,31.7,28
13151,31.7,76
01083,31.7,44
20201,31.7,3
37043,31.7,9
51015,31.7,41
01091,31.6,9
48371,31.6,5
36111,31.6,90
48019,31.6,14
51049,31.6,6
27021,31.6,19
44009,31.6,66
34037,31.6,63
38099,31.5,5
24029,31.5,12
23023,31.5,21
53011,31.5,193
40149,31.5,5
33013,31.5,71
35041,31.5,7
31179,31.5,3
48009,31.5,4
41047,31.5,135
36021,31.5,35
42021,31.5,72
08043,31.4,25
38017,31.4,56
42011,31.4,184
08101,31.4,76
13291,31.4,19
54023,31.4,6
24003,31.4,223
22033,31.3,158
45065,31.3,8
48021,31.3,37
04003,31.3,69
27005,31.3,18
19031,31.3,9
55127,31.2,47
53063,31.2,215
41023,31.2,5
51031,31.2,28
06009,31.2,29
30023,31.2,6
27097,31.2,17
53025,31.2,35
33011,31.2,172
19075,31.2,6
54057,31.1,14
01089,31.1,150
30089,31.1,9
48015,31.1,15
48303,31.1,97
51021,31.1,3
53077,31.1,86
55065,31.1,7
27027,31.1,21
25023,31.0,242
48463,31.0,10
02020,31.0,85
55139,31.0,69
48441,31.0,51
27143,31.0,7
13247,31.0,34
28071,31.0,18
20009,31.0,12
33005,31.0,39
30095,31.0,5
36069,31.0,55
27101,31.0,5
36001,31.0,133
39005,30.9,25
31159,30.9,7
31019,30.9,19
27083,30.9,11
51115,30.9,6
41025,30.9,4
21185,30.9,24
32003,30.9,820
31013,30.8,5
50017,30.8,15
53061,30.8,279
48025,30.8,9
51199,30.8,29
56007,30.8,6
01105,30.8,4
56005,30.8,14
50009,30.8,4
51041,30.8,133
13237,30.8,12
27131,30.8,26
42111,30.8,39
30047,30.8,17
51061,30.8,30
18037,30.7,18
42041,30.7,114
19011,30.7,12
48255,30.7,5
29147,30.7,9
08063,30.7,3
42089,30.7,74
49007,30.7,8
09005,30.6,95
27013,30.6,23
30001,30.6,5
17093,30.6,34
13073,30.6,55
27099,30.6,17
19171,30.6,8
42019,30.6,90
19081,30.5,6
22071,30.5,149
13185,30.5,37
36055,30.5,320
42037,30.5,30
13051,30.4,111
53017,30.4,17
55017,30.4,29
42043,30.4,118
30105,30.4,4
35005,30.4,25
33015,30.4,143
19083,30.4,9
12057,30.4,521
53021,30.4,23
35029,30.4,12
48381,30.3,50
18011,30.3,25
06005,30.3,25
51165,30.3,38
48339,30.3,208
53071,30.3,28
31101,30.3,5
19079,30.2,7
17085,30.2,15
02090,30.2,26
48397,30.2,33
40141,30.2,3
19107,30.1,5
27057,30.1,12
09009,30.1,361
51181,30.1,4
48117,30.1,5
46127,30.1,8
42077,30.0,150
41071,30.0,44
31109,30.0,107
27145,30.0,57
31023,30.0,4
56003,30.0,6
05143,30.0,72
19189,30.0,5
55115,30.0,21
08089,29.9,9
25003,29.9,70
31177,29.9,9
46005,29.9,8
19129,29.8,6
51063,29.8,8
51683,29.8,9
13155,29.8,4
27147,29.8,16
53065,29.7,25
30027,29.7,6
20045,29.7,35
53037,29.7,17
23013,29.6,24
27127,29.6,7
53039,29.6,12
46013,29.6,15
51047,29.6,20
48439,29.6,595
06095,29.6,164
55021,29.5,26
48165,29.5,5
19181,29.5,20
50007,29.5,62
31157,29.5,16
55117,29.5,50
37175,29.5,22
55035,29.4,39
09013,29.4,59
18129,29.4,11
42119,29.4,18
41053,29.4,35
31033,29.4,4
33009,29.4,44
56033,29.4,15
48093,29.4,7
31139,29.3,3
04025,29.3,162
27045,29.3,10
27139,29.3,42
48089,29.3,10
27055,29.3,8
36027,29.3,125
48507,29.2,3
40139,29.2,6
55087,29.2,70
48369,29.2,3
12115,29.2,345
42095,29.2,139
16069,29.2,19
48123,29.1,9
19033,29.1,21
55141,29.1,36
48415,29.1,6
25009,29.1,321
48425,29.1,4
08081,29.1,5
30049,29.1,31
48469,29.0,33
16045,29.0,10
34005,29.0,188
56025,29.0,30
12097,29.0,122
55033,29.0,17
55073,29.0,57
48341,29.0,5
55029,29.0,19
17019,29.0,61
39121,29.0,8
12117,29.0,172
08071,29.0,8
42017,28.9,286
30111,28.9,65
12073,28.9,93
19061,28.9,42
45045,28.9,193
46035,28.9,9
29161,28.9,17
13063,28.8,71
13031,28.8,23
08075,28.8,9
48329,28.8,40
35035,28.8,26
45019,28.7,156
50027,28.7,30
19055,28.7,8
48091,28.7,68
41007,28.7,20
54061,28.7,30
41029,28.7,104
06101,28.7,35
16027,28.7,74
13043,28.6,4
19091,28.6,4
16059,28.6,4
13139,28.6,73
53007,28.6,34
19027,28.6,10
27123,28.6,185
17031,28.5,1776
37021,28.5,119
20079,28.4,15
12119,28.4,135
06099,28.4,163
31037,28.4,3
39075,28.4,14
16047,28.3,6
48471,28.3,23
25021,28.2,277
51079,28.2,8
06105,28.2,10
26125,28.2,489
27003,28.2,121
19137,28.2,5
51161,28.1,45
30035,28.1,4
13147,28.1,13
01129,28.1,6
50025,28.1,21
48187,28.1,57
16049,28.1,10
13145,28.0,14
19139,28.0,17
35025,28.0,18
47047,28.0,20
41051,28.0,242
12071,27.9,456
39159,27.9,19
31185,27.9,6
12081,27.9,239
19069,27.9,4
19161,27.8,5
53005,27.8,69
46125,27.8,4
55123,27.8,14
02261,27.8,3
16055,27.8,70
06045,27.8,42
12085,27.8,106
17089,27.8,165
19043,27.8,8
53035,27.7,106
30093,27.7,14
51121,27.7,28
51660,27.7,11
17097,27.7,231
56031,27.7,5
37099,27.7,18
48113,27.7,648
27085,27.7,15
31079,27.6,20
42071,27.6,222
20175,27.6,5
48409,27.6,23
06031,27.6,35
02122,27.5,23
37011,27.5,8
48391,27.5,3
13057,27.5,87
06109,27.5,30
36049,27.5,12
27033,27.5,5
27041,27.5,19
48481,27.4,16
34025,27.4,251
27161,27.4,7
36079,27.4,38
25001,27.4,145
08085,27.4,22
20051,27.4,9
13027,27.3,7
26037,27.3,30
31145,27.3,4
55133,27.3,166
48505,27.2,4
06063,27.2,11
25015,27.2,60
26139,27.2,100
38003,27.2,5
55055,27.1,33
16005,27.1,27
55039,27.1,42
27129,27.1,7
55009,27.1,90
19001,27.0,4
20057,27.0,9
26141,27.0,8
42063,27.0,34
35015,26.9,18
09003,26.9,332
20111,26.9,11
55119,26.8,9
49015,26.8,3
51540,26.8,12
08087,26.8,10
19195,26.8,3
42091,26.8,328
31121,26.7,3
27067,26.7,17
35037,26.7,5
55093,26.7,14
39055,26.7,41
39137,26.6,13
36109,26.6,32
19169,26.6,25
19059,26.6,9
06029,26.6,217
56011,26.6,3
46079,26.6,4
48487,26.6,5
12087,26.6,41
38059,26.5,12
46051,26.5,4
55097,26.5,25
48287,26.5,7
08077,26.4,61
41037,26.4,4
31155,26.4,9
37063,26.4,92
53029,26.3,40
06067,26.3,475
19165,26.3,5
25025,26.3,208
19197,26.3,5
41063,26.3,4
27135,26.2,6
31137,26.2,4
51153,26.2,107
38015,26.2,34
01117,26.2,74
04007,26.2,31
48149,26.1,12
42029,26.1,185
25017,26.1,524
56043,26.1,3
36103,26.1,542
48115,26.1,4
48493,26.1,18
55131,26.0,53
13133,26.0,10
06039,26.0,43
27109,26.0,54
29165,26.0,34
11001,26.0,174
48041,26.0,46
31141,26.0,12
48185,26.0,12
55061,25.9,8
37149,25.9,12
31045,25.9,3
32031,25.9,161
33007,25.9,15
26161,25.9,108
51075,25.8,12
37119,25.8,270
04009,25.8,11
48249,25.8,12
24035,25.8,20
24021,25.8,86
12095,25.7,372
51043,25.7,7
50001,25.7,15
12109,25.7,116
06043,25.7,10
37189,25.7,16
13121,25.6,265
24023,25.6,13
08001,25.6,116
35061,25.6,26
41005,25.5,153
06011,25.5,6
06077,25.5,206
16083,25.5,30
19109,25.5,7
06035,25.4,9
13059,25.4,29
46081,25.4,11
53073,25.4,75
48233,25.3,7
39041,25.3,62
55109,25.3,28
06047,25.3,65
06071,25.3,518
27053,25.3,369
27163,25.3,85
27071,25.2,6
09007,25.2,68
55007,25.1,9
48013,25.1,14
08083,25.1,11
06065,25.0,709
31047,25.0,8
38097,25.0,3
48189,25.0,9
32033,24.9,3
37183,24.9,274
56019,24.9,4
06113,24.9,54
46083,24.9,18
48201,24.8,1050
08029,24.8,14
19101,24.8,6
38057,24.8,3
20055,24.8,8
04021,24.7,170
48355,24.7,105
44005,24.7,37
16017,24.7,22
53003,24.6,10
17043,24.6,289
34021,24.6,117
20113,24.6,12
19049,24.5,25
08003,24.5,4
06097,24.5,180
13131,24.5,9
48325,24.5,17
02110,24.5,9
06107,24.5,106
27037,24.5,127
55025,24.4,151
08041,24.4,186
48163,24.4,4
31151,24.4,4
19119,24.4,4
51095,24.4,38
45013,24.4,90
04013,24.3,1329
13067,24.3,188
13135,24.3,199
06019,24.3,239
20091,24.3,172
26003,24.3,4
08119,24.2,9
12011,24.2,646
30063,24.2,34
19191,24.2,8
53043,24.2,5
19041,24.1,7
15001,24.1,79
30029,24.1,39
42113,24.0,3
37135,24.0,40
08015,23.9,8
27073,23.9,4
48273,23.8,8
48121,23.8,194
04019,23.8,391
34023,23.8,249
18057,23.8,85
06061,23.8,148
13117,23.8,60
16073,23.8,4
37037,23.7,34
16001,23.7,137
27063,23.7,4
27089,23.6,4
15009,23.6,59
44001,23.6,19
42027,23.6,43
16053,23.5,6
30081,23.5,20
27103,23.4,11
30067,23.4,7
48477,23.3,14
38055,23.3,4
41003,23.2,29
12099,23.2,672
15003,23.2,341
19021,23.2,6
48029,23.1,455
08039,23.1,7
35017,23.0,14
32007,22.9,13
04027,22.9,71
08007,22.8,5
34031,22.8,144
41017,22.8,68
13113,22.8,40
06073,22.7,847
08123,22.6,74
41067,22.6,146
36087,22.6,93
46135,22.6,8
53033,22.6,538
16011,22.6,12
48209,22.5,50
48259,22.5,16
48491,22.4,138
55015,22.3,15
55089,22.3,32
12086,22.2,793
08031,22.2,145
16019,22.2,29
35057,22.1,6
46033,22.1,5
19047,22.1,5
06069,22.1,15
15007,22.1,26
06075,22.0,243
48085,22.0,214
32005,21.9,25
49045,21.9,13
13089,21.8,170
26089,21.8,12
06013,21.7,317
08014,21.7,19
53031,21.6,19
47187,21.5,59
35045,21.5,32
06079,21.5,92
51510,21.5,32
34003,21.5,284
24033,21.5,226
16067,21.5,6
30017,21.4,4
27039,21.4,5
09001,21.4,265
51157,21.4,3
53055,21.3,9
34027,21.3,151
16043,21.2,4
41061,21.2,9
19103,21.2,32
35013,21.2,58
06057,21.2,44
08005,21.1,145
06059,21.0,805
06111,21.0,223
49013,21.0,4
13219,20.8,11
56023,20.8,5
38077,20.8,5
51610,20.7,3
34019,20.7,41
06055,20.7,44
41027,20.7,6
30009,20.7,4
06001,20.6,388
34035,20.6,94
51003,20.6,35
06037,20.5,2301
35047,20.5,10
34017,20.5,144
48427,20.4,12
08059,20.4,148
36059,20.4,400
06083,20.2,112
36005,20.2,321
06017,20.1,63
19131,20.1,3
35027,20.0,9
48157,20.0,153
48453,19.9,211
35001,19.8,175
34039,19.8,132
48323,19.8,10
04017,19.7,32
48465,19.7,10
34013,19.7,185
24027,19.5,72
56001,19.5,7
35053,19.5,5
35043,19.4,41
27019,19.4,22
53001,19.4,4
36119,19.4,270
06053,19.3,92
19017,19.3,7
56029,19.2,10
16051,19.2,6
12021,19.2,179
51107,19.1,68
06087,18.8,65
16057,18.7,8
08069,18.6,82
06081,18.6,184
49057,18.3,47
49047,18.3,6
36047,18.2,555
48171,18.1,11
06025,18.0,33
48061,17.8,81
51013,17.7,37
19167,17.7,8
06085,17.7,383
08045,17.3,11
32013,17.3,4
30031,17.2,20
48489,17.2,4
49041,17.0,4
49003,16.9,10
36081,16.9,520
06041,16.8,76
24031,16.8,228
36061,16.8,375
35006,16.6,6
35039,16.5,10
08013,16.5,62
48141,16.5,141
16085,16.4,3
06027,16.4,6
48479,16.2,33
49035,16.1,167
25007,15.9,7
04023,15.7,10
49021,15.7,9
51059,15.7,200
49053,15.6,47
35049,15.6,44
08035,15.6,57
56041,15.5,4
48215,15.1,119
49011,15.0,45
08067,14.9,11
35055,14.4,10
04001,14.0,11
35007,14.0,4
04005,13.9,21
08093,13.8,4
16031,13.7,4
49039,12.3,4
56039,11.5,3
08107,11.5,4
49005,11.2,12
49049,11.1,45
16013,10.9,4
08037,10.8,5
49043,10.4,5
49051,10.2,4
72001,10.1,555
35031,9.1,6
16003,,3 or fewer
19003,,3 or fewer
38001,,3 or fewer
02013,,3 or fewer
02016,,3 or fewer
06003,,3 or fewer
31003,,3 or fewer
48011,,3 or fewer
31005,,3 or fewer
46003,,3 or fewer
08009,,3 or fewer
48017,,3 or fewer
13007,,3 or fewer
31007,,3 or fewer
16007,,3 or fewer
40007,,3 or fewer
49001,,3 or fewer
46007,,3 or fewer
08011,,3 or fewer
27011,,3 or fewer
38007,,3 or fewer
30005,,3 or fewer
31009,,3 or fewer
16015,,3 or fewer
46009,,3 or fewer
31011,,3 or fewer
48033,,3 or fewer
38009,,3 or fewer
38011,,3 or fewer
31015,,3 or fewer
48043,,3 or fewer
48045,,3 or fewer
02060,,3 or fewer
30007,,3 or fewer
48047,,3 or fewer
17009,,3 or fewer
31017,,3 or fewer
46017,,3 or fewer
38013,,3 or fewer
16023,,3 or fewer
13037,,3 or fewer
17013,,3 or fewer
16025,,3 or fewer
42023,,3 or fewer
22023,,3 or fewer
46021,,3 or fewer
16029,,3 or fewer
48065,,3 or fewer
30011,,3 or fewer
48069,,3 or fewer
35003,,3 or fewer
38019,,3 or fewer
46023,,3 or fewer
20017,,3 or fewer
31029,,3 or fewer
13053,,3 or fewer
20019,,3 or fewer
31031,,3 or fewer
08017,,3 or fewer
20023,,3 or fewer
40025,,3 or fewer
16033,,3 or fewer
20025,,3 or fewer
46025,,3 or fewer
13061,,3 or fewer
31035,,3 or fewer
08019,,3 or fewer
48079,,3 or fewer
48081,,3 or fewer
48087,,3 or fewer
20033,,3 or fewer
48095,,3 or fewer
08021,,3 or fewer
27031,,3 or fewer
46031,,3 or fewer
08023,,3 or fewer
48101,,3 or fewer
51045,,3 or fewer
48103,,3 or fewer
48105,,3 or fewer
48107,,3 or fewer
08025,,3 or fewer
48109,,3 or fewer
08027,,3 or fewer
16037,,3 or fewer
31041,,3 or fewer
49009,,3 or fewer
48111,,3 or fewer
30019,,3 or fewer
30021,,3 or fewer
46037,,3 or fewer
35011,,3 or fewer
20039,,3 or fewer
02068,,3 or fewer
31049,,3 or fewer
46039,,3 or fewer
40043,,3 or fewer
46041,,3 or fewer
48125,,3 or fewer
38021,,3 or fewer
02070,,3 or fewer
38023,,3 or fewer
08033,,3 or fewer
48129,,3 or fewer
46043,,3 or fewer
31057,,3 or fewer
38025,,3 or fewer
48131,,3 or fewer
13101,,3 or fewer
38027,,3 or fewer
46045,,3 or fewer
20047,,3 or fewer
48137,,3 or fewer
20053,,3 or fewer
38029,,3 or fewer
32009,,3 or fewer
32011,,3 or fewer
30025,,3 or fewer
46049,,3 or fewer
31059,,3 or fewer
48151,,3 or fewer
55037,,3 or fewer
48153,,3 or fewer
48155,,3 or fewer
38031,,3 or fewer
16041,,3 or fewer
31061,,3 or fewer
31063,,3 or fewer
31065,,3 or fewer
31069,,3 or fewer
30033,,3 or fewer
31071,,3 or fewer
49017,,3 or fewer
53023,,3 or fewer
48169,,3 or fewer
41021,,3 or fewer
08047,,3 or fewer
13125,,3 or fewer
48173,,3 or fewer
30037,,3 or fewer
38033,,3 or fewer
31073,,3 or fewer
20063,,3 or fewer
20065,,3 or fewer
08049,,3 or fewer
49019,,3 or fewer
50013,,3 or fewer
30039,,3 or fewer
20067,,3 or fewer
31075,,3 or fewer
38037,,3 or fewer
40053,,3 or fewer
20069,,3 or fewer
20071,,3 or fewer
31077,,3 or fewer
40055,,3 or fewer
46053,,3 or fewer
38039,,3 or fewer
35019,,3 or fewer
08051,,3 or fewer
46055,,3 or fewer
02100,,3 or fewer
48191,,3 or fewer
20075,,3 or fewer
46057,,3 or fewer
46059,,3 or fewer
48195,,3 or fewer
46061,,3 or fewer
48197,,3 or fewer
35021,,3 or fewer
46063,,3 or fewer
31083,,3 or fewer
40057,,3 or fewer
40059,,3 or fewer
48205,,3 or fewer
20081,,3 or fewer
48207,,3 or fewer
31085,,3 or fewer
48211,,3 or fewer
38041,,3 or fewer
35023,,3 or fewer
51091,,3 or fewer
08053,,3 or fewer
20083,,3 or fewer
31091,,3 or fewer
02105,,3 or fewer
31093,,3 or fewer
48229,,3 or fewer
08055,,3 or fewer
46067,,3 or fewer
37095,,3 or fewer
46069,,3 or fewer
48235,,3 or fewer
28055,,3 or fewer
08057,,3 or fewer
46071,,3 or fewer
48243,,3 or fewer
46073,,3 or fewer
20089,,3 or fewer
48247,,3 or fewer
31097,,3 or fewer
46075,,3 or fewer
49023,,3 or fewer
30045,,3 or fewer
15005,,3 or fewer
49025,,3 or fewer
31099,,3 or fewer
20093,,3 or fewer
48261,,3 or fewer
48263,,3 or fewer
26083,,3 or fewer
31103,,3 or fewer
38043,,3 or fewer
31105,,3 or fewer
48267,,3 or fewer
48269,,3 or fewer
48271,,3 or fewer
08061,,3 or fewer
20097,,3 or fewer
48275,,3 or fewer
02150,,3 or fewer
02158,,3 or fewer
48283,,3 or fewer
38045,,3 or fewer
08065,,3 or fewer
02164,,3 or fewer
27077,,3 or fewer
32015,,3 or fewer
20101,,3 or fewer
51678,,3 or fewer
30051,,3 or fewer
08073,,3 or fewer
16063,,3 or fewer
20105,,3 or fewer
32017,,3 or fewer
48295,,3 or fewer
20109,,3 or fewer
31113,,3 or fewer
38047,,3 or fewer
35028,,3 or fewer
31115,,3 or fewer
48301,,3 or fewer
46085,,3 or fewer
48305,,3 or fewer
16065,,3 or fewer
30057,,3 or fewer
51685,,3 or fewer
46091,,3 or fewer
48317,,3 or fewer
48319,,3 or fewer
30055,,3 or fewer
38051,,3 or fewer
38053,,3 or fewer
48311,,3 or fewer
31117,,3 or fewer
46089,,3 or fewer
20119,,3 or fewer
30059,,3 or fewer
46095,,3 or fewer
48327,,3 or fewer
29129,,3 or fewer
49027,,3 or fewer
48333,,3 or fewer
46097,,3 or fewer
08079,,3 or fewer
06051,,3 or fewer
19135,,3 or fewer
46101,,3 or fewer
47127,,3 or fewer
35033,,3 or fewer
49029,,3 or fewer
31123,,3 or fewer
20129,,3 or fewer
48345,,3 or fewer
38061,,3 or fewer
30065,,3 or fewer
31125,,3 or fewer
25019,,3 or fewer
38063,,3 or fewer
20135,,3 or fewer
56027,,3 or fewer
02188,,3 or fewer
51720,,3 or fewer
20137,,3 or fewer
31129,,3 or fewer
48357,,3 or fewer
48359,,3 or fewer
38065,,3 or fewer
16071,,3 or fewer
20141,,3 or fewer
08091,,3 or fewer
31133,,3 or fewer
55091,,3 or fewer
31135,,3 or fewer
46105,,3 or fewer
32027,,3 or fewer
02195,,3 or fewer
30069,,3 or fewer
08095,,3 or fewer
20147,,3 or fewer
30071,,3 or fewer
38069,,3 or fewer
08097,,3 or fewer
49031,,3 or fewer
30073,,3 or fewer
17151,,3 or fewer
46107,,3 or fewer
30075,,3 or fewer
30077,,3 or fewer
16077,,3 or fewer
30079,,3 or fewer
48377,,3 or fewer
02198,,3 or fewer
13239,,3 or fewer
38073,,3 or fewer
20153,,3 or fewer
48383,,3 or fewer
27125,,3 or fewer
38075,,3 or fewer
49033,,3 or fewer
19159,,3 or fewer
08103,,3 or fewer
08105,,3 or fewer
48393,,3 or fewer
21201,,3 or fewer
31149,,3 or fewer
30087,,3 or fewer
20165,,3 or fewer
08109,,3 or fewer
08111,,3 or fewer
49037,,3 or fewer
08113,,3 or fewer
46111,,3 or fewer
48413,,3 or fewer
13249,,3 or fewer
29197,,3 or fewer
29199,,3 or fewer
20171,,3 or fewer
08115,,3 or fewer
48417,,3 or fewer
28125,,3 or fewer
20179,,3 or fewer
30091,,3 or fewer
31161,,3 or fewer
38083,,3 or fewer
20181,,3 or fewer
31163,,3 or fewer
41055,,3 or fewer
48421,,3 or fewer
06091,,3 or fewer
31165,,3 or fewer
38085,,3 or fewer
02230,,3 or fewer
38087,,3 or fewer
20183,,3 or fewer
02240,,3 or fewer
46115,,3 or fewer
20185,,3 or fewer
46117,,3 or fewer
20187,,3 or fewer
31167,,3 or fewer
38091,,3 or fewer
48431,,3 or fewer
20189,,3 or fewer
27149,,3 or fewer
13259,,3 or fewer
48433,,3 or fewer
32029,,3 or fewer
56035,,3 or fewer
46119,,3 or fewer
08117,,3 or fewer
48435,,3 or fewer
30097,,3 or fewer
13265,,3 or fewer
19173,,3 or fewer
48443,,3 or fewer
16081,,3 or fewer
30099,,3 or fewer
31169,,3 or fewer
20193,,3 or fewer
31171,,3 or fewer
48447,,3 or fewer
30101,,3 or fewer
38095,,3 or fewer
27155,,3 or fewer
30103,,3 or fewer
20195,,3 or fewer
46123,,3 or fewer
35059,,3 or fewer
48461,,3 or fewer
31175,,3 or fewer
20199,,3 or fewer
46129,,3 or fewer
49055,,3 or fewer
13307,,3 or fewer
31181,,3 or fewer
38103,,3 or fewer
30107,,3 or fewer
13309,,3 or fewer
31183,,3 or fewer
41069,,3 or fewer
30109,,3 or fewer
20203,,3 or fewer
48495,,3 or fewer
20207,,3 or fewer
29227,,3 or fewer
02275,,3 or fewer
02282,,3 or fewer
48501,,3 or fewer
08125,,3 or fewer
46137,,3 or fewer
