tract_fips,uninsured_pct,high_blood_pressure_pct,coronary_heart_disease_pct,smoking_pct,depression_pct,diabetes_pct,food_insecurity_pct,fair_poor_health_pct,housing_insecurity_pct,transportation_barrier_pct,loneliness_pct,physical_inactivity_pct,mental_distress_pct,obesity_pct,utility_shutoff_threat_pct,stroke_pct,RPL_THEMES,RPL_THEME1,RPL_THEME2,RPL_THEME3,RPL_THEME4,E_TOTPOP,E_POV150,E_UNEMP,E_HBURD,E_UNINSUR,E_NOHSDP
45019000100,7.6,33.2,6.5,8.9,22.4,11.5,9.6,14.5,7.4,5.6,27.6,18.5,13.5,27.8,5.2,3.4,0.2873,0.4527,0.1967,0.2187,0.3032,1912,325,64,257,89,61
45019000200,4.5,36.6,7.1,5.0,17.9,11.0,3.7,10.3,3.1,2.5,22.8,14.2,8.9,22.9,2.1,3.3,0.0101,0.0489,0.0303,0.0151,0.1077,1232,77,6,149,0,32
45019000400,11.0,24.6,5.2,9.9,28.6,8.9,18.7,17.7,12.1,11.7,36.7,22.1,21.5,27.3,8.7,3.0,0.364,0.5655,0.0135,0.4645,0.7374,3462,994,38,669,100,66
45019000500,5.0,23.3,3.9,5.4,23.3,6.9,5.1,8.7,4.6,3.8,28.2,12.0,13.3,22.9,3.2,1.9,0.0223,0.223,0.04,0.0632,0.0347,1464,292,31,228,19,5
45019000600,7.0,14.9,2.0,5.5,25.9,4.0,8.4,8.8,6.8,6.0,34.1,12.2,16.8,21.7,4.4,1.1,0.0837,0.3488,0.001,0.1844,0.5115,1065,285,16,173,38,18
45019000700,11.2,19.5,3.2,10.1,29.4,6.6,19.1,16.1,12.6,12.1,38.4,20.1,22.8,26.7,8.8,2.1,0.35,0.734,0.0027,0.3908,0.6903,2979,938,126,487,218,0
45019000900,13.1,27.4,4.0,13.4,25.0,10.2,23.3,19.0,17.4,12.8,35.6,23.5,19.8,33.6,12.8,2.9,0.3947,0.9552,0.0602,0.5576,0.0443,1671,772,151,278,263,105
45019001000,10.5,21.4,3.2,10.6,28.0,7.2,17.9,15.8,12.7,11.0,35.1,19.3,20.4,28.9,9.6,2.1,0.3475,0.7031,0.0069,0.3511,0.6391,2429,1087,58,625,112,125
45019001100,11.0,26.9,3.9,11.0,24.3,9.7,18.3,16.5,14.0,10.1,33.8,21.0,17.9,31.5,10.1,2.7,0.5983,0.7413,0.377,0.6267,0.405,3006,1199,92,469,291,132
45019001500,8.5,28.1,3.7,8.6,20.9,9.4,11.4,12.7,10.0,6.4,31.6,17.1,14.5,29.1,6.5,2.6,0.1026,0.2504,0.0093,0.575,0.3344,1450,163,20,180,49,86
45019001901,7.6,29.7,5.1,9.4,22.2,9.7,9.0,12.9,7.7,5.2,27.3,17.1,13.6,28.2,5.4,2.8,0.103,0.3428,0.0393,0.3546,0.1235,4575,747,36,359,720,179
45019001902,8.6,26.1,4.3,9.9,24.0,8.3,10.6,12.9,9.0,6.3,30.4,17.6,15.7,28.0,6.0,2.4,0.3576,0.6592,0.0311,0.5092,0.4122,5380,1187,247,1036,599,58
45019002002,7.7,26.5,4.3,9.2,22.7,8.3,8.6,11.8,7.7,5.1,28.9,16.2,14.3,27.2,5.0,2.4,0.1124,0.2008,0.06,0.3042,0.2587,6066,562,28,540,463,205
45019002004,5.5,35.2,6.5,8.4,20.1,11.4,5.9,12.4,5.0,3.6,24.5,16.6,11.1,26.5,3.4,3.2,0.0338,0.0587,0.0634,0.0,0.1985,684,45,0,59,21,34
45019002005,6.7,29.0,4.9,8.6,21.4,9.0,6.9,11.5,6.2,4.1,26.9,15.7,12.7,26.2,4.1,2.6,0.0084,0.025,0.0595,0.0759,0.063,6455,84,46,359,253,65
45019002006,7.7,31.4,5.3,9.5,20.8,10.2,9.0,13.2,7.7,5.0,28.2,18.0,13.2,27.8,5.1,3.0,0.238,0.0875,0.288,0.4348,0.5598,5085,585,54,315,70,152
45019002007,6.1,30.0,5.3,7.5,20.4,9.1,5.8,11.0,5.2,3.6,25.6,14.8,11.5,25.0,3.4,2.7,0.0146,0.0183,0.1564,0.0375,0.0623,3556,113,11,104,23,165
45019002008,8.5,34.1,6.4,9.0,20.8,11.5,10.2,14.7,8.4,5.8,29.7,20.2,13.7,27.7,5.5,3.7,0.5478,0.4648,0.2238,0.5136,0.82,4356,754,69,594,399,154
45019002009,8.0,34.3,5.4,9.4,20.2,12.1,11.0,14.4,9.5,6.0,29.6,19.5,13.7,30.0,6.3,3.4,0.3642,0.391,0.4731,0.6398,0.2319,5005,486,200,691,231,121
45019002103,10.2,37.5,6.7,10.1,19.3,14.1,12.5,16.8,9.8,6.4,28.2,21.3,12.7,30.7,6.5,3.9,0.4752,0.5637,0.1934,0.4684,0.5542,3790,870,63,423,322,342
45019002104,3.2,41.0,7.9,4.3,16.3,12.6,2.9,10.2,2.3,2.0,20.9,14.0,7.4,22.5,1.6,3.6,0.0109,0.0201,0.028,0.0077,0.1835,2130,84,26,113,0,10
45019002105,3.2,42.2,8.3,4.7,16.6,13.0,3.1,10.8,2.4,2.1,20.8,14.8,7.5,23.2,1.7,3.8,0.004,0.0176,0.0347,0.0151,0.0641,2155,137,5,216,27,10
45019002106,8.8,33.8,6.3,11.7,23.1,12.3,12.2,16.4,9.7,6.7,27.8,20.9,14.7,31.3,7.1,3.5,0.1546,0.2134,0.0483,0.4833,0.3594,3320,665,37,192,222,73
45019002107,8.8,27.0,4.1,9.6,22.5,8.9,10.0,12.6,9.2,5.8,29.7,17.0,14.8,28.9,5.9,2.4,0.295,0.3371,0.0536,0.4587,0.6159,11193,1339,151,895,1380,509
45019002108,11.8,36.2,6.9,12.4,20.6,13.3,12.9,18.0,10.1,6.4,30.0,23.4,14.1,30.1,6.2,3.9,0.1676,0.3107,0.4098,0.3026,0.0713,1869,224,0,58,254,230
45019002200,8.3,40.0,6.7,9.9,18.0,14.6,12.2,16.5,10.0,6.3,29.6,21.6,12.6,31.0,6.5,4.2,0.6615,0.7016,0.4165,0.6257,0.627,2302,404,88,230,300,259
45019002300,9.0,46.0,9.4,11.7,19.0,18.3,14.0,20.4,10.0,6.9,27.5,25.8,12.5,32.8,7.2,5.4,0.5869,0.7929,0.4101,0.467,0.3366,1623,473,83,183,219,138
45019002401,11.3,45.9,8.8,15.6,20.1,19.4,21.8,24.1,16.1,10.4,30.7,30.1,15.4,37.8,12.0,5.7,0.41,0.359,0.2371,0.6659,0.5422,1425,443,17,61,92,92
45019002402,13.5,47.8,9.4,18.1,20.6,21.9,29.6,28.3,20.6,14.0,32.1,34.5,17.0,41.2,16.4,6.5,0.5297,0.4154,0.6782,0.7732,0.4104,2718,1091,0,337,163,63
45019002503,12.6,45.6,8.8,15.3,19.8,19.5,22.2,24.6,16.0,10.4,31.0,30.3,15.1,37.0,11.6,5.8,0.4735,0.4657,0.7426,0.5382,0.2579,2518,471,56,157,160,246
45019002504,11.2,40.9,7.7,12.9,20.0,16.1,16.8,20.3,12.7,8.2,29.8,25.8,14.3,33.8,8.9,4.7,0.6701,0.561,0.8183,0.611,0.5611,4604,957,66,452,640,322
45019002604,9.4,31.3,5.6,9.8,21.1,10.6,11.3,14.5,9.5,6.3,29.4,19.4,14.1,28.8,6.3,3.1,0.5936,0.5443,0.5032,0.5684,0.6234,3614,563,158,365,378,169
45019002605,11.7,36.9,6.7,12.1,20.4,14.2,16.8,19.0,12.9,8.6,30.6,24.5,14.8,32.8,9.0,4.2,0.6807,0.6193,0.2754,0.618,0.8715,3489,827,76,443,401,269
45019002606,5.8,33.1,6.0,7.0,19.5,10.4,5.7,11.3,5.1,3.6,25.4,15.8,11.0,25.1,3.4,3.1,0.0235,0.034,0.0688,0.1433,0.1317,2429,208,10,130,64,41
45019002611,7.7,28.0,4.4,9.4,22.5,9.0,9.0,12.2,8.4,5.4,29.7,16.9,14.7,28.1,5.4,2.5,0.3764,0.4184,0.1224,0.3908,0.6121,2906,309,87,534,224,45
45019002612,10.8,32.0,5.3,11.9,22.0,11.7,17.2,17.4,13.6,9.1,32.0,22.6,16.2,32.1,9.5,3.3,0.4878,0.3785,0.4063,0.5498,0.6437,6336,1257,44,1003,526,155
45019002613,10.4,30.9,5.5,10.8,22.2,10.7,12.6,15.4,10.4,7.0,31.2,20.7,15.5,29.3,6.8,3.2,0.6954,0.553,0.2568,0.5518,0.9621,6285,915,157,976,960,212
45019002614,10.3,31.5,5.2,11.5,21.9,11.2,14.5,16.1,11.8,7.6,31.6,21.5,15.7,30.6,7.8,3.2,0.612,0.5628,0.4912,0.3921,0.7345,3527,810,15,462,535,241
45019002701,10.0,32.1,4.9,9.9,20.7,11.8,15.5,16.0,12.8,8.4,32.5,21.0,15.4,31.4,8.7,3.4,0.6345,0.5182,0.3367,0.8131,0.7809,3411,840,71,469,190,164
45019002702,12.8,36.1,5.4,13.5,20.9,14.0,22.1,20.5,17.5,10.8,34.8,26.0,16.9,35.1,11.6,4.1,0.6954,0.8754,0.5116,0.6906,0.3378,5095,1457,172,795,599,763
45019002801,7.4,29.2,4.8,9.2,21.6,9.4,8.7,12.3,7.8,5.1,28.7,17.0,13.8,27.7,5.1,2.7,0.0526,0.1274,0.0593,0.3438,0.1209,5033,468,28,566,200,60
45019002802,6.1,29.7,5.3,7.5,21.2,9.1,6.0,10.9,5.6,3.8,26.1,15.0,12.2,25.7,3.7,2.7,0.0248,0.1248,0.0541,0.1496,0.063,2443,150,50,151,177,21
45019002900,8.3,28.2,4.2,9.3,22.4,9.5,11.0,13.2,9.5,6.3,30.0,17.5,14.8,29.3,6.5,2.7,0.2612,0.4522,0.3612,0.4117,0.1082,2511,557,24,349,229,155
45019003000,5.9,26.9,4.5,7.1,22.1,8.0,6.1,10.3,5.6,4.0,26.6,14.2,12.6,25.4,3.9,2.3,0.0672,0.212,0.0623,0.1009,0.1449,3690,472,121,390,59,42
45019003104,26.5,29.9,5.1,15.9,21.7,12.9,31.9,26.0,24.2,15.4,36.6,31.6,18.9,36.0,15.1,3.4,0.9699,0.9111,0.7432,0.8468,0.991,5451,2572,72,952,1494,968
45019003105,27.7,35.3,6.3,18.3,21.3,16.3,36.9,29.6,27.4,17.2,35.5,36.0,18.8,39.8,18.4,4.3,0.9227,0.9144,0.8233,0.852,0.8137,3628,1492,67,632,1086,466
45019003106,13.8,36.2,6.3,14.9,22.2,14.5,22.3,21.6,17.5,11.2,33.0,27.1,17.4,35.7,12.3,4.1,0.8962,0.8512,0.9063,0.6549,0.7997,9178,3074,258,1234,1328,813
45019003107,14.2,29.1,4.3,11.9,21.2,10.7,19.8,17.6,16.4,10.3,35.5,23.2,17.3,32.2,10.3,2.9,0.6255,0.7125,0.395,0.7992,0.4404,6367,1066,157,1017,1104,551
45019003108,13.0,33.8,4.4,13.1,20.1,12.9,22.6,19.1,19.2,11.2,34.9,25.0,17.1,36.1,12.8,3.3,0.7348,0.7857,0.3979,0.8659,0.6308,4561,1212,131,729,666,288
45019003109,13.4,34.9,5.7,12.9,20.7,13.5,19.1,19.2,15.6,9.5,33.0,25.5,16.2,33.9,10.2,3.7,0.4574,0.3256,0.6176,0.6623,0.4412,3613,814,16,365,230,141
45019003110,20.5,37.4,6.8,16.6,20.9,15.9,28.8,25.9,21.9,13.6,34.9,31.9,17.7,37.2,14.5,4.5,0.9278,0.7762,0.9541,0.7911,0.8971,7014,2311,36,1202,1105,977
45019003111,14.8,31.9,4.2,12.0,18.9,11.8,21.3,18.4,17.9,10.2,36.4,24.5,16.3,33.2,10.6,3.2,0.5901,0.6822,0.3086,0.8375,0.4325,4626,797,19,781,1159,591
45019003113,14.1,26.6,3.7,11.0,21.1,9.6,18.3,16.3,15.5,9.6,35.4,22.0,17.1,31.0,9.5,2.5,0.8531,0.8273,0.4816,0.8164,0.8972,4851,1459,99,1124,1000,255
45019003115,14.8,32.3,6.1,14.2,24.0,12.5,24.7,21.9,17.9,13.0,35.8,27.9,19.5,33.4,12.6,3.8,0.9433,0.8199,0.9296,0.6716,0.955,8255,2987,84,1331,1403,522
45019003116,15.1,28.3,4.0,15.0,23.8,10.5,25.8,20.5,20.0,13.3,36.7,26.0,19.9,34.3,13.8,2.8,0.8571,0.9099,0.4069,0.7282,0.8612,4930,1588,258,1126,622,457
45019003117,9.7,34.5,5.8,11.1,20.8,12.8,14.8,16.6,12.4,7.9,30.9,22.1,15.0,31.8,8.5,3.6,0.3305,0.3824,0.4599,0.5546,0.2044,3425,840,30,449,286,43
45019003200,12.5,12.3,1.2,7.9,23.6,2.8,12.9,10.5,10.9,8.5,38.8,14.6,19.1,23.2,6.1,0.8,0.3898,0.489,0.1956,0.5628,0.3859,1786,265,21,170,26,37
45019003300,18.4,40.9,7.0,17.1,19.7,17.9,31.2,26.8,23.7,14.8,35.8,32.3,17.7,39.5,16.3,5.1,0.9861,0.9618,0.742,0.8904,0.9947,3458,1308,140,550,894,471
45019003400,24.0,35.7,6.3,19.7,22.5,15.8,37.1,29.3,27.0,18.1,36.0,34.8,20.0,40.0,19.5,4.4,0.9913,0.9724,0.9395,0.8268,0.9732,4932,2470,171,925,1488,588
45019003500,6.9,25.5,3.9,8.0,21.8,7.7,7.2,10.4,7.1,4.5,28.3,14.5,13.5,26.5,4.6,2.2,0.0046,0.1141,0.0495,0.1372,0.0061,3254,156,19,326,203,56
45019003600,10.3,25.6,3.8,10.8,23.1,8.4,13.0,13.9,11.2,7.3,31.7,18.3,16.1,29.5,7.3,2.3,0.3273,0.4743,0.017,0.4773,0.7144,3052,496,66,366,326,193
45019003700,16.7,42.2,7.1,17.0,20.3,18.8,32.2,27.2,23.7,15.2,35.7,33.1,18.0,40.0,17.0,5.4,0.9282,0.9456,0.8359,0.8798,0.7526,3161,1464,231,740,297,418
45019003800,17.8,44.1,7.5,18.3,19.7,19.4,33.5,28.7,25.1,15.5,37.2,34.9,18.3,40.6,17.3,5.8,0.6159,0.8463,0.3696,0.9268,0.1909,3763,1297,102,516,646,408
45019003900,16.9,36.7,6.6,17.0,20.1,14.1,24.3,23.3,18.4,12.0,34.1,28.4,17.0,35.6,12.6,4.2,0.8071,0.7529,0.2924,0.7136,0.9566,4049,719,21,257,189,720
45019004000,17.1,48.9,8.5,20.5,19.5,23.2,41.4,32.6,29.6,19.3,36.4,39.1,19.0,45.1,23.3,6.9,0.8304,0.9346,0.428,0.9423,0.6221,2541,1284,62,421,454,281
45019004300,21.5,50.4,9.7,25.8,21.2,25.3,50.6,38.9,36.0,24.6,38.0,43.9,21.4,48.2,29.3,7.8,0.8631,0.9057,0.3443,0.9127,0.8605,2198,1210,30,496,401,466
45019004400,13.5,46.7,8.2,14.8,18.2,20.3,28.3,26.3,20.9,13.4,34.2,32.4,16.0,39.3,15.3,6.1,0.96,0.9243,0.7594,0.8189,0.9692,2443,838,100,390,283,249
45019004607,7.9,29.5,5.5,8.8,22.5,9.5,8.4,13.0,7.0,5.1,28.3,17.6,13.8,26.4,4.7,2.9,0.2954,0.4194,0.0814,0.1269,0.5668,5515,912,38,881,531,277
45019004609,7.7,33.2,5.7,9.8,20.7,11.4,9.6,14.0,8.1,5.2,28.0,18.8,13.1,28.7,5.3,3.2,0.4216,0.4065,0.4435,0.3528,0.4842,9147,1088,441,1163,149,304
45019004610,6.8,28.5,4.4,8.3,21.0,9.2,7.7,11.4,7.0,4.6,27.4,15.8,12.8,27.0,4.6,2.5,0.1382,0.1067,0.3412,0.293,0.2195,5446,445,73,233,213,190
45019004612,7.5,27.5,4.7,8.5,22.9,8.8,8.2,12.1,7.2,5.0,27.9,16.1,13.9,26.9,4.9,2.5,0.2933,0.6173,0.0935,0.2713,0.2209,7914,1426,386,1410,498,309
45019004613,5.4,29.7,4.9,8.1,21.5,9.5,6.0,11.1,5.5,3.9,26.1,14.6,12.4,26.4,3.7,2.6,0.0024,0.002,0.0097,0.1513,0.1564,1764,55,5,15,22,20
45019004614,5.6,26.7,3.8,6.9,20.7,8.3,6.1,9.8,6.0,3.9,26.9,13.6,12.3,26.0,4.0,2.2,0.0766,0.0428,0.4765,0.1711,0.1152,6816,421,48,646,108,5
45019004615,5.0,28.1,4.4,6.9,20.6,8.6,5.1,9.8,5.0,3.4,25.4,13.4,11.6,25.5,3.4,2.3,0.0007,0.0037,0.0419,0.0309,0.0161,5979,218,30,268,0,0
45019004616,5.1,30.7,5.1,6.6,19.8,9.5,5.2,10.3,4.8,3.4,25.2,14.4,11.1,25.1,3.3,2.6,0.1491,0.0525,0.6694,0.2255,0.1954,8375,384,78,730,158,72
45019004617,5.0,27.3,4.2,7.0,21.0,8.4,5.4,9.7,5.3,3.6,25.6,13.3,11.9,25.8,3.7,2.2,0.0693,0.0529,0.1946,0.1537,0.2049,9219,519,206,274,254,29
45019004618,6.8,27.4,4.4,9.0,22.3,8.7,7.4,11.5,7.0,4.5,28.2,15.8,13.8,26.8,4.5,2.4,0.1608,0.3378,0.1428,0.2895,0.1481,7141,414,113,707,253,505
45019004619,7.2,29.5,5.4,8.0,22.1,9.5,8.0,12.4,6.8,4.9,27.6,16.7,13.3,26.5,4.7,2.8,0.1897,0.1679,0.0582,0.1973,0.6537,5491,902,26,525,172,217
45019004620,6.8,31.2,5.9,8.1,21.3,9.9,7.2,12.5,6.1,4.4,26.8,17.0,12.5,25.9,4.1,3.0,0.3635,0.6412,0.0892,0.1372,0.4261,4601,880,181,782,365,175
45019004621,6.1,28.8,4.9,6.9,21.2,8.9,6.2,10.7,5.5,3.9,27.0,14.3,12.2,24.9,3.6,2.5,0.2843,0.1097,0.5897,0.0821,0.5928,5422,367,53,465,213,131
45019004622,6.2,34.3,6.3,7.0,19.4,11.0,6.7,12.3,5.7,4.1,25.9,16.8,11.2,26.0,3.9,3.3,0.2589,0.1552,0.2066,0.2044,0.6641,5223,602,65,541,75,107
45019004701,5.5,28.0,4.5,6.9,21.1,8.5,5.6,10.1,5.3,3.6,25.8,13.7,11.9,25.4,3.6,2.4,0.0228,0.1277,0.0479,0.1808,0.0567,6617,250,114,443,540,92
45019004702,7.4,27.4,4.4,8.5,22.2,8.8,7.6,11.4,7.2,4.7,27.9,15.7,13.7,27.4,4.7,2.4,0.1967,0.2543,0.1041,0.1825,0.4388,1896,279,8,259,170,0
45019004800,4.3,31.9,5.6,5.7,19.6,9.8,4.2,9.9,3.8,3.0,23.4,13.2,10.1,24.8,2.8,2.7,0.0096,0.0229,0.0983,0.0294,0.0535,2317,250,19,106,32,0
45019004901,4.8,33.3,6.0,6.8,19.8,10.4,4.8,10.8,4.3,3.2,24.2,14.7,10.7,25.2,3.0,3.0,0.0095,0.0591,0.0349,0.0096,0.0795,1859,101,0,141,122,0
45019004902,4.0,35.5,6.5,5.6,18.9,11.0,3.8,10.2,3.4,2.7,23.1,13.9,9.6,24.2,2.4,3.1,0.005,0.0069,0.062,0.0594,0.0613,2488,106,14,90,58,9
45019005001,8.3,40.1,6.8,11.2,19.4,15.1,13.5,17.6,10.9,7.0,29.6,22.6,13.6,32.6,7.4,4.3,0.4754,0.6856,0.1069,0.5815,0.4347,1396,168,100,153,163,129
45019005002,10.6,45.2,8.5,13.6,19.2,18.5,18.7,22.1,13.8,9.0,30.3,27.8,14.3,35.6,10.0,5.5,0.5655,0.6453,0.3929,0.7041,0.4142,3401,1179,58,317,169,405
45019005100,7.9,34.9,6.6,8.7,21.1,12.3,10.4,15.0,8.0,5.9,28.4,19.2,13.3,28.2,5.6,3.6,0.4537,0.6306,0.4025,0.4207,0.2668,1420,275,67,274,104,58
45019005300,12.7,35.9,5.7,14.3,22.8,14.8,25.2,21.9,18.7,12.9,34.3,27.2,18.4,36.8,14.1,4.3,0.7254,0.7469,0.1606,0.7011,0.8841,3644,1522,226,610,220,172
45019005400,14.3,35.3,5.2,14.9,22.1,14.3,30.8,23.6,23.2,15.6,37.2,28.9,19.5,37.9,17.0,4.2,0.796,0.7034,0.3172,0.8413,0.9431,2482,966,38,394,69,264
45019005500,20.6,47.7,9.2,24.4,21.9,23.6,47.2,36.9,33.2,23.6,37.1,41.1,21.1,46.4,27.3,7.2,0.9101,0.9792,0.3926,0.8131,0.8724,1521,674,76,298,312,319
45019005601,7.5,25.1,3.7,7.7,21.2,7.7,8.2,10.6,7.7,4.9,29.5,15.0,13.6,26.0,4.9,2.1,0.1845,0.1514,0.0695,0.4856,0.5078,9135,640,46,1133,407,164
45019005602,8.8,27.7,4.5,10.0,22.9,9.3,11.3,13.5,9.7,6.5,30.3,18.3,15.3,28.9,6.5,2.6,0.368,0.3662,0.2245,0.4452,0.5255,6275,1269,57,923,457,79
45019005701,6.7,32.3,5.7,8.7,20.9,10.7,7.4,12.5,6.6,4.4,27.0,17.2,12.7,27.2,4.4,3.0,0.0332,0.1774,0.1213,0.2787,0.0181,5501,481,115,333,358,76
45019005702,7.0,27.8,4.4,8.5,21.8,9.1,8.7,12.0,7.5,5.2,28.3,16.5,13.6,27.2,5.1,2.5,0.2649,0.3573,0.0889,0.3546,0.4533,4018,708,121,493,115,43
45019005800,9.0,30.2,4.9,10.5,22.2,10.5,11.8,14.5,9.8,6.5,29.4,19.5,14.7,29.7,6.7,2.9,0.2386,0.2453,0.2251,0.5518,0.2922,8400,1150,121,713,514,243
45019005900,7.9,20.8,2.9,7.3,21.7,6.4,8.8,10.5,7.8,6.1,33.8,13.9,15.9,24.0,4.9,1.9,0.1294,0.2514,0.0274,0.4536,0.3205,6633,335,97,488,256,129
