tract_fips,RPL_THEMES,RPL_THEME1,RPL_THEME2,RPL_THEME3,RPL_THEME4,E_TOTPOP,E_POV150,E_UNEMP,E_HBURD,E_UNINSUR,E_NOHSDP
45019001500,0.1026,0.2504,0.0093,0.575,0.3344,1450,163,20,180,49,86
45019002200,0.6615,0.7016,0.4165,0.6257,0.627,2302,404,88,230,300,259
45019002802,0.0248,0.1248,0.0541,0.1496,0.063,2443,150,50,151,177,21
45019003300,0.9861,0.9618,0.742,0.8904,0.9947,3458,1308,140,550,894,471
45019004615,0.0007,0.0037,0.0419,0.0309,0.0161,5979,218,30,268,0,0
45019005300,0.7254,0.7469,0.1606,0.7011,0.8841,3644,1522,226,610,220,172
45019001902,0.3576,0.6592,0.0311,0.5092,0.4122,5380,1187,247,1036,599,58
45019002401,0.41,0.359,0.2371,0.6659,0.5422,1425,443,17,61,92,92
45019003000,0.0672,0.212,0.0623,0.1009,0.1449,3690,472,121,390,59,42
45019003500,0.0046,0.1141,0.0495,0.1372,0.0061,3254,156,19,326,203,56
45019004617,0.0693,0.0529,0.1946,0.1537,0.2049,9219,519,206,274,254,29
45019005500,0.9101,0.9792,0.3926,0.8131,0.8724,1521,674,76,298,312,319
45019002002,0.1124,0.2008,0.06,0.3042,0.2587,6066,562,28,540,463,205
45019002402,0.5297,0.4154,0.6782,0.7732,0.4104,2718,1091,0,337,163,63
45019003104,0.9699,0.9111,0.7432,0.8468,0.991,5451,2572,72,952,1494,968
45019003600,0.3273,0.4743,0.017,0.4773,0.7144,3052,496,66,366,326,193
45019004618,0.1608,0.3378,0.1428,0.2895,0.1481,7141,414,113,707,253,505
45019005601,0.1845,0.1514,0.0695,0.4856,0.5078,9135,640,46,1133,407,164
45019002005,0.0084,0.025,0.0595,0.0759,0.063,6455,84,46,359,253,65
45019002504,0.6701,0.561,0.8183,0.611,0.5611,4604,957,66,452,640,322
45019003106,0.8962,0.8512,0.9063,0.6549,0.7997,9178,3074,258,1234,1328,813
45019003800,0.6159,0.8463,0.3696,0.9268,0.1909,3763,1297,102,516,646,408
45019004620,0.3635,0.6412,0.0892,0.1372,0.4261,4601,880,181,782,365,175
45019005701,0.0332,0.1774,0.1213,0.2787,0.0181,5501,481,115,333,358,76
45019000400,0.364,0.5655,0.0135,0.4645,0.7374,3462,994,38,669,100,66
45019002009,0.3642,0.391,0.4731,0.6398,0.2319,5005,486,200,691,231,121
45019002611,0.3764,0.4184,0.1224,0.3908,0.6121,2906,309,87,534,224,45
45019003110,0.9278,0.7762,0.9541,0.7911,0.8971,7014,2311,36,1202,1105,977
45019004400,0.96,0.9243,0.7594,0.8189,0.9692,2443,838,100,390,283,249
45019004702,0.1967,0.2543,0.1041,0.1825,0.4388,1896,279,8,259,170,0
45019000500,0.0223,0.223,0.04,0.0632,0.0347,1464,292,31,228,19,5
45019002103,0.4752,0.5637,0.1934,0.4684,0.5542,3790,870,63,423,322,342
45019002612,0.4878,0.3785,0.4063,0.5498,0.6437,6336,1257,44,1003,526,155
45019003111,0.5901,0.6822,0.3086,0.8375,0.4325,4626,797,19,781,1159,591
45019004607,0.2954,0.4194,0.0814,0.1269,0.5668,5515,912,38,881,531,277
45019004800,0.0096,0.0229,0.0983,0.0294,0.0535,2317,250,19,106,32,0
45019000600,0.0837,0.3488,0.001,0.1844,0.5115,1065,285,16,173,38,18
45019002104,0.0109,0.0201,0.028,0.0077,0.1835,2130,84,26,113,0,10
45019002613,0.6954,0.553,0.2568,0.5518,0.9621,6285,915,157,976,960,212
45019003113,0.8531,0.8273,0.4816,0.8164,0.8972,4851,1459,99,1124,1000,255
45019004609,0.4216,0.4065,0.4435,0.3528,0.4842,9147,1088,441,1163,149,304
45019004901,0.0095,0.0591,0.0349,0.0096,0.0795,1859,101,0,141,122,0
45019001901,0.103,0.3428,0.0393,0.3546,0.1235,4575,747,36,359,720,179
45019002300,0.5869,0.7929,0.4101,0.467,0.3366,1623,473,83,183,219,138
45019002900,0.2612,0.4522,0.3612,0.4117,0.1082,2511,557,24,349,229,155
45019003400,0.9913,0.9724,0.9395,0.8268,0.9732,4932,2470,171,925,1488,588
45019004616,0.1491,0.0525,0.6694,0.2255,0.1954,8375,384,78,730,158,72
45019005400,0.796,0.7034,0.3172,0.8413,0.9431,2482,966,38,394,69,264
45019000100,0.2873,0.4527,0.1967,0.2187,0.3032,1912,325,64,257,89,61
45019002007,0.0146,0.0183,0.1564,0.0375,0.0623,3556,113,11,104,23,165
45019002605,0.6807,0.6193,0.2754,0.618,0.8715,3489,827,76,443,401,269
45019003108,0.7348,0.7857,0.3979,0.8659,0.6308,4561,1212,131,729,666,288
45019004000,0.8304,0.9346,0.428,0.9423,0.6221,2541,1284,62,421,454,281
45019004622,0.2589,0.1552,0.2066,0.2044,0.6641,5223,602,65,541,75,107
45019005800,0.2386,0.2453,0.2251,0.5518,0.2922,8400,1150,121,713,514,243
45019000700,0.35,0.734,0.0027,0.3908,0.6903,2979,938,126,487,218,0
45019002105,0.004,0.0176,0.0347,0.0151,0.0641,2155,137,5,216,27,10
45019002614,0.612,0.5628,0.4912,0.3921,0.7345,3527,810,15,462,535,241
45019003115,0.9433,0.8199,0.9296,0.6716,0.955,8255,2987,84,1331,1403,522
45019004610,0.1382,0.1067,0.3412,0.293,0.2195,5446,445,73,233,213,190
45019004902,0.005,0.0069,0.062,0.0594,0.0613,2488,106,14,90,58,9
45019000900,0.3947,0.9552,0.0602,0.5576,0.0443,1671,772,151,278,263,105
45019002106,0.1546,0.2134,0.0483,0.4833,0.3594,3320,665,37,192,222,73
45019002701,0.6345,0.5182,0.3367,0.8131,0.7809,3411,840,71,469,190,164
45019003116,0.8571,0.9099,0.4069,0.7282,0.8612,4930,1588,258,1126,622,457
45019004612,0.2933,0.6173,0.0935,0.2713,0.2209,7914,1426,386,1410,498,309
45019005001,0.4754,0.6856,0.1069,0.5815,0.4347,1396,168,100,153,163,129
45019001000,0.3475,0.7031,0.0069,0.3511,0.6391,2429,1087,58,625,112,125
45019002107,0.295,0.3371,0.0536,0.4587,0.6159,11193,1339,151,895,1380,509
45019002702,0.6954,0.8754,0.5116,0.6906,0.3378,5095,1457,172,795,599,763
45019003117,0.3305,0.3824,0.4599,0.5546,0.2044,3425,840,30,449,286,43
45019004613,0.0024,0.002,0.0097,0.1513,0.1564,1764,55,5,15,22,20
45019005002,0.5655,0.6453,0.3929,0.7041,0.4142,3401,1179,58,317,169,405
45019001100,0.5983,0.7413,0.377,0.6267,0.405,3006,1199,92,469,291,132
45019002108,0.1676,0.3107,0.4098,0.3026,0.0713,1869,224,0,58,254,230
45019002801,0.0526,0.1274,0.0593,0.3438,0.1209,5033,468,28,566,200,60
45019003200,0.3898,0.489,0.1956,0.5628,0.3859,1786,265,21,170,26,37
45019004614,0.0766,0.0428,0.4765,0.1711,0.1152,6816,421,48,646,108,5
45019005100,0.4537,0.6306,0.4025,0.4207,0.2668,1420,275,67,274,104,58
45019002006,0.238,0.0875,0.288,0.4348,0.5598,5085,585,54,315,70,152
45019002604,0.5936,0.5443,0.5032,0.5684,0.6234,3614,563,158,365,378,169
45019003107,0.6255,0.7125,0.395,0.7992,0.4404,6367,1066,157,1017,1104,551
45019003900,0.8071,0.7529,0.2924,0.7136,0.9566,4049,719,21,257,189,720
45019004621,0.2843,0.1097,0.5897,0.0821,0.5928,5422,367,53,465,213,131
45019005702,0.2649,0.3573,0.0889,0.3546,0.4533,4018,708,121,493,115,43
45019000200,0.0101,0.0489,0.0303,0.0151,0.1077,1232,77,6,149,0,32
45019002008,0.5478,0.4648,0.2238,0.5136,0.82,4356,754,69,594,399,154
45019002606,0.0235,0.034,0.0688,0.1433,0.1317,2429,208,10,130,64,41
45019003109,0.4574,0.3256,0.6176,0.6623,0.4412,3613,814,16,365,230,141
45019004300,0.8631,0.9057,0.3443,0.9127,0.8605,2198,1210,30,496,401,466
45019004701,0.0228,0.1277,0.0479,0.1808,0.0567,6617,250,114,443,540,92
45019005900,0.1294,0.2514,0.0274,0.4536,0.3205,6633,335,97,488,256,129
45019002004,0.0338,0.0587,0.0634,0.0,0.1985,684,45,0,59,21,34
45019002503,0.4735,0.4657,0.7426,0.5382,0.2579,2518,471,56,157,160,246
45019003105,0.9227,0.9144,0.8233,0.852,0.8137,3628,1492,67,632,1086,466
45019003700,0.9282,0.9456,0.8359,0.8798,0.7526,3161,1464,231,740,297,418
45019004619,0.1897,0.1679,0.0582,0.1973,0.6537,5491,902,26,525,172,217
45019005602,0.368,0.3662,0.2245,0.4452,0.5255,6275,1269,57,923,457,79
