outcome,predictor,n,std_beta,p_value,r_squared_full_model
drug_overdose_death_rate,median_household_income,1921,-0.3028872658264518,7.029080883259053e-13,0.2666251131693328
drug_overdose_death_rate,income_inequality_ratio,1921,0.054809385030417816,0.05634355705581321,0.2666251131693328
drug_overdose_death_rate,unemployment_pct,1921,0.020997642459287792,0.40022728038361993,0.2666251131693328
drug_overdose_death_rate,child_poverty_pct,1921,0.16127890300807182,0.00023833438530140798,0.2666251131693328
drug_overdose_death_rate,hs_completion_pct,1921,-0.12881371851439788,7.05902228763259e-05,0.2666251131693328
drug_overdose_death_rate,broadband_access_pct,1921,0.18388054195298636,4.0971029526046015e-09,0.2666251131693328
drug_overdose_death_rate,uninsured_pct,1921,-0.27068502607451805,8.693993379461027e-24,0.2666251131693328
drug_overdose_death_rate,pop_per_pcp,1921,0.07461853279323817,0.004019860063495674,0.2666251131693328
drug_overdose_death_rate,pop_per_mental_health_provider,1921,0.166389626414689,6.237045036267135e-12,0.2666251131693328
drug_overdose_death_rate,pm25,1921,-0.16101997921514077,8.19266054752946e-14,0.2666251131693328
drug_overdose_death_rate,severe_housing_problems_pct,1921,-0.03611738020112035,0.16740878984958113,0.2666251131693328
drug_overdose_death_rate,food_environment_index,1921,-0.036970224438174645,0.24886599694679487,0.2666251131693328
drug_overdose_death_rate,long_commute_pct,1921,0.314962939685379,1.9001936350757466e-36,0.2666251131693328
suicide_death_rate,median_household_income,1892,-0.3022687203631216,2.755622319875906e-12,0.2388791083732752
suicide_death_rate,income_inequality_ratio,1892,-0.15919767272740795,8.236848396273085e-08,0.2388791083732752
suicide_death_rate,unemployment_pct,1892,0.10298566120475904,5.777701599921996e-05,0.2388791083732752
suicide_death_rate,child_poverty_pct,1892,-0.13415706752883466,0.003127761127216792,0.2388791083732752
suicide_death_rate,hs_completion_pct,1892,0.33802977604614365,6.959887919578867e-24,0.2388791083732752
suicide_death_rate,broadband_access_pct,1892,-0.17981682195882923,1.970151823999934e-08,0.2388791083732752
suicide_death_rate,uninsured_pct,1892,0.2135395810811874,8.507021631045649e-15,0.2388791083732752
suicide_death_rate,pop_per_pcp,1892,-0.08439616121414614,0.0015314056451302801,0.2388791083732752
suicide_death_rate,pop_per_mental_health_provider,1892,0.13276083219393753,8.719560684963474e-08,0.2388791083732752
suicide_death_rate,pm25,1892,-0.08148333058329835,0.0002187362121542662,0.2388791083732752
suicide_death_rate,severe_housing_problems_pct,1892,-0.061180334070732055,0.023815875282426076,0.2388791083732752
suicide_death_rate,food_environment_index,1892,-0.18794858707275938,1.4956365550723325e-08,0.2388791083732752
suicide_death_rate,long_commute_pct,1892,0.017991813672949046,0.47310991177476147,0.2388791083732752
heart_disease_death_rate,median_household_income,1921,-0.20525363239004782,8.945883946123601e-09,0.47241079306095735
heart_disease_death_rate,income_inequality_ratio,1921,0.0726937610335424,0.0028628998247951123,0.47241079306095735
heart_disease_death_rate,unemployment_pct,1921,-0.10244657457373073,1.4027454019395143e-06,0.47241079306095735
heart_disease_death_rate,child_poverty_pct,1921,0.2678418992552207,8.123157963829783e-13,0.47241079306095735
heart_disease_death_rate,hs_completion_pct,1921,-0.13497326479308383,9.36971974075536e-07,0.47241079306095735
heart_disease_death_rate,broadband_access_pct,1921,0.07093592303541901,0.0072722181233668805,0.47241079306095735
heart_disease_death_rate,uninsured_pct,1921,-0.055158985977571934,0.014432942511814222,0.47241079306095735
heart_disease_death_rate,pop_per_pcp,1921,-0.06197241194763505,0.004849545187620745,0.47241079306095735
heart_disease_death_rate,pop_per_mental_health_provider,1921,0.0030009593137246067,0.8830666986779278,0.47241079306095735
heart_disease_death_rate,pm25,1921,0.07515287395146196,3.627796998964909e-05,0.47241079306095735
heart_disease_death_rate,severe_housing_problems_pct,1921,-0.27845477113830125,8.624032381922875e-35,0.47241079306095735
heart_disease_death_rate,food_environment_index,1921,-0.23090327368690344,3.967566012534075e-17,0.47241079306095735
heart_disease_death_rate,long_commute_pct,1921,0.07073244844595615,0.0006641210159156634,0.47241079306095735
stroke_death_rate,median_household_income,1921,0.013738709631040994,0.7419521336072069,0.27299760863652156
stroke_death_rate,income_inequality_ratio,1921,0.03753134523304021,0.18924288616619653,0.27299760863652156
stroke_death_rate,unemployment_pct,1921,-0.13921540689306333,2.4140751793616314e-08,0.27299760863652156
stroke_death_rate,child_poverty_pct,1921,0.3526985802526787,1.082918274814767e-15,0.27299760863652156
stroke_death_rate,hs_completion_pct,1921,-0.057766387893293414,0.07297016317213716,0.27299760863652156
stroke_death_rate,broadband_access_pct,1921,0.020699664074395475,0.5042448324250841,0.27299760863652156
stroke_death_rate,uninsured_pct,1921,-0.013362910124012004,0.6133871991203923,0.27299760863652156
stroke_death_rate,pop_per_pcp,1921,0.010356433782220615,0.6881101313214846,0.27299760863652156
stroke_death_rate,pop_per_mental_health_provider,1921,-0.042222743819665814,0.07803735133099307,0.27299760863652156
stroke_death_rate,pm25,1921,0.20419246497134494,2.8455380250006185e-21,0.27299760863652156
stroke_death_rate,severe_housing_problems_pct,1921,-0.12204437585537962,2.9643637864212317e-06,0.27299760863652156
stroke_death_rate,food_environment_index,1921,-0.19821242537047162,6.43732050796016e-10,0.27299760863652156
stroke_death_rate,long_commute_pct,1921,0.12163302325121675,6.427422089738189e-07,0.27299760863652156
diabetes_prevalence_pct,median_household_income,1765,-0.017429005430099145,0.4783873403168949,0.7674213372481635
diabetes_prevalence_pct,income_inequality_ratio,1765,0.08379009233732221,6.612853383861691e-07,0.7674213372481635
diabetes_prevalence_pct,unemployment_pct,1765,-0.10170129090990158,1.422655665056842e-12,0.7674213372481635
diabetes_prevalence_pct,child_poverty_pct,1765,0.4983889640263789,4.652420720160947e-77,0.7674213372481635
diabetes_prevalence_pct,hs_completion_pct,1765,-0.30591971912932553,4.884434918512367e-54,0.7674213372481635
diabetes_prevalence_pct,broadband_access_pct,1765,-0.004576666149178195,0.8065585099346014,0.7674213372481635
diabetes_prevalence_pct,uninsured_pct,1765,-0.0247618566817662,0.12051151363683582,0.7674213372481635
diabetes_prevalence_pct,pop_per_pcp,1765,0.025453530057414405,0.10708236726014064,0.7674213372481635
diabetes_prevalence_pct,pop_per_mental_health_provider,1765,-0.0998696621255266,3.151004297823579e-11,0.7674213372481635
diabetes_prevalence_pct,pm25,1765,0.048527802857273934,0.00013821297277737075,0.7674213372481635
diabetes_prevalence_pct,severe_housing_problems_pct,1765,-0.002583225802022546,0.8710705323857698,0.7674213372481635
diabetes_prevalence_pct,food_environment_index,1765,-0.14638551574477277,1.0326832405233863e-14,0.7674213372481635
diabetes_prevalence_pct,long_commute_pct,1765,0.061138613372748736,2.7487417819320137e-05,0.7674213372481635
lung_cancer_death_rate,median_household_income,1913,-0.44034618127617015,4.98827536757198e-36,0.5083806859540976
lung_cancer_death_rate,income_inequality_ratio,1913,-0.050417782936876765,0.03323260685842533,0.5083806859540976
lung_cancer_death_rate,unemployment_pct,1913,-0.05948253121119875,0.0037206688677938974,0.5083806859540976
lung_cancer_death_rate,child_poverty_pct,1913,0.13876577168497545,0.00011435301615461228,0.5083806859540976
lung_cancer_death_rate,hs_completion_pct,1913,-0.16972122616489865,1.989413229798306e-10,0.5083806859540976
lung_cancer_death_rate,broadband_access_pct,1913,0.07416999170052163,0.003848409943663067,0.5083806859540976
lung_cancer_death_rate,uninsured_pct,1913,-0.19150618044254572,4.016248848426662e-18,0.5083806859540976
lung_cancer_death_rate,pop_per_pcp,1913,-0.037411033829013556,0.07920561875430121,0.5083806859540976
lung_cancer_death_rate,pop_per_mental_health_provider,1913,0.04664171490340936,0.018225940765242688,0.5083806859540976
lung_cancer_death_rate,pm25,1913,0.013585477158313215,0.43950388417900754,0.5083806859540976
lung_cancer_death_rate,severe_housing_problems_pct,1913,-0.31211824668661053,4.912126417610675e-45,0.5083806859540976
lung_cancer_death_rate,food_environment_index,1913,-0.16006538122164868,1.6635782121955235e-09,0.5083806859540976
lung_cancer_death_rate,long_commute_pct,1913,0.238998163347197,1.8679625940861728e-31,0.5083806859540976
