factor_domain,indicator_key,evidence_type,primary_source,source_url
clinical_outcomes,preterm_birth_pct,direct,March of Dimes + VMS,https://www.marchofdimes.org/peristats/data?creg=45019&lev=1&obj=1&reg=99&slev=6&sreg=45
clinical_outcomes,low_birthweight_pct,direct,SC DPH VMS Table C-27,https://dph.sc.gov/sites/scdph/files/2025-11/VMS-2023.pdf
clinical_outcomes,infant_mortality_rate_per_1000,direct,SC DPH VMS Table F-3,https://dph.sc.gov/sites/scdph/files/2025-11/VMS-2023.pdf
clinical_outcomes,neonatal_mortality_rate_per_1000,direct,SC DPH VMS Table F-4,https://dph.sc.gov/sites/scdph/files/2025-11/VMS-2023.pdf
racial_equity,lbw_pct_black,direct,SC DPH VMS Table C-27,https://dph.sc.gov/sites/scdph/files/2025-11/VMS-2023.pdf
racial_equity,infant_mortality_black_per_1000,direct,March of Dimes PeriStats,https://www.marchofdimes.org/peristats/data?creg=45019&lev=1&obj=1&reg=99&slev=6&sreg=45
racial_equity,medicaid_births_pct_black,direct,SC DPH VMS Table C-35A,https://dph.sc.gov/sites/scdph/files/2025-11/VMS-2023.pdf
prenatal_access,prenatal_care_inadequate_pct,direct,March of Dimes PeriStats,https://www.marchofdimes.org/peristats/data?creg=45019&lev=1&obj=1&reg=99&slev=6&sreg=45
prenatal_access,kotelchuck_inadequate_pct_black,direct,SC DPH VMS Table C-11A,https://dph.sc.gov/sites/scdph/files/2025-11/VMS-2023.pdf
insurance_financing,medicaid_births_pct_all,direct,SC DPH VMS Table C-35,https://dph.sc.gov/sites/scdph/files/2025-11/VMS-2023.pdf
insurance_financing,self_pay_births_pct,direct,SC DPH VMS Table C-35,https://dph.sc.gov/sites/scdph/files/2025-11/VMS-2023.pdf
nutrition_wic,wic_during_pregnancy_pct,direct,SC DPH VMS Table C-34,https://dph.sc.gov/sites/scdph/files/2025-11/VMS-2023.pdf
maternal_nutrition,maternal_obesity_bmi_pct_black,direct,SC DPH VMS Table C-36,https://dph.sc.gov/sites/scdph/files/2025-11/VMS-2023.pdf
social_support,unmarried_births_pct_black,proxy,SC DPH VMS Table C-21,https://dph.sc.gov/sites/scdph/files/2025-11/VMS-2023.pdf
adolescent_health,teen_births_under_20_pct,direct,SC DPH VMS Table C-19,https://dph.sc.gov/sites/scdph/files/2025-11/VMS-2023.pdf
delivery_care,cesarean_delivery_pct,direct,March of Dimes PeriStats,https://www.marchofdimes.org/peristats/data?creg=45019&lev=1&obj=1&reg=99&slev=6&sreg=45
hospital_capacity,births_occurred_in_county,context,SC DPH VMS Table C-14,https://dph.sc.gov/sites/scdph/files/2025-11/VMS-2023.pdf
nicu_access,level_iv_nicu,qualitative,MUSC Children's Health,https://musckids.org/health-care-services/childrens-health/neonatal-intensive-care
environment,pm25_ug_m3,proxy,County Health Rankings,https://www.countyhealthrankings.org/health-data/south-carolina/charleston
housing,severe_housing_problems_pct,proxy,County Health Rankings,https://www.countyhealthrankings.org/health-data/south-carolina/charleston
food_access,food_environment_index,proxy,County Health Rankings,https://www.countyhealthrankings.org/health-data/south-carolina/charleston
insurance_community,uninsured_adults_pct,proxy,County Health Rankings,https://www.countyhealthrankings.org/health-data/south-carolina/charleston
poverty,child_poverty_pct,proxy,County Health Rankings,https://www.countyhealthrankings.org/health-data/south-carolina/charleston
tract_svi,RPL_THEMES,proxy,CDC/ATSDR SVI 2022,https://www.atsdr.cdc.gov/placeandhealth/svi/index.html
tract_food_insecurity,food_insecurity_pct,proxy,CDC PLACES 2025,https://data.cdc.gov/PLACES
tract_transport,transportation_barrier_pct,proxy,CDC PLACES 2025,https://data.cdc.gov/PLACES
state_maternal_safety,maternal_mortality_per_100k,context,March of Dimes Report Card,https://www.marchofdimes.org/peristats/reports/south-carolina/report-card
state_maternal_safety,severe_maternal_morbidity_per_10k,context,March of Dimes Report Card,https://www.marchofdimes.org/peristats/reports/south-carolina/report-card
maternal_mortality_review,pregnancy_related_mortality_rate_2023,direct,SCMMMRC 2026 Legislative Brief,https://dph.sc.gov/sites/scdph/files/Library/00229-ENG-CR.pdf
maternal_mortality_review,pregnancy_related_deaths_preventable_pct_2022_2023,direct,SCMMMRC 2026 Legislative Brief,https://dph.sc.gov/sites/scdph/files/Library/00229-ENG-CR.pdf
maternal_mortality_equity,pregnancy_related_mortality_black_white_ratio_2023,direct,SCMMMRC 2026 Legislative Brief,https://dph.sc.gov/sites/scdph/files/Library/00229-ENG-CR.pdf
maternal_mortality_rurality,pregnancy_related_mortality_rural_2022_2023,direct,SCMMMRC 2026 Legislative Brief,https://dph.sc.gov/sites/scdph/files/Library/00229-ENG-CR.pdf
maternity_care_access,maternity_care_desert_pct_counties,direct,March of Dimes Maternity Care Deserts SC,https://www.marchofdimes.org/peristats/assets/s3/reports/mcd/Maternity-Care-Report-SouthCarolina.pdf
maternity_care_access,ob_units_closed_since_2011,direct,SC Birth Outcomes Initiative Annual Report,https://schealthviz.sc.edu/media/SCBOI_annual_IFS_011222.pdf
maternity_care_access,rural_hospitals_lost_ob_pct_2010_2022,direct,Fierce Healthcare / peer-reviewed study,https://www.fiercehealthcare.com/providers/most-states-saw-hospital-obstetric-service-shutdowns-2010-2022-rural-states-hit-hardest
maternity_care_access_charleston,roper_st_francis_mt_pleasant_ob_closed,qualitative,SC Birth Outcomes Initiative Annual Report,https://schealthviz.sc.edu/media/SCBOI_annual_IFS_011222.pdf
substance_exposed_newborns,nas_rate_sc_2017_2019,direct,HRSA TVIS,https://mchb.tvisdata.hrsa.gov/Narratives/ExecutiveSummary/a933ee78-b3e1-42ff-bda0-09cba7e29967
substance_exposed_newborns,nas_rate_medicaid_2019,direct,HRSA TVIS,https://mchb.tvisdata.hrsa.gov/Narratives/ExecutiveSummary/a933ee78-b3e1-42ff-bda0-09cba7e29967
breastfeeding,breastfeeding_ever_pct_sc,direct,CDC Breastfeeding Report Card 2022,https://restoredcdc.org/www.cdc.gov/breastfeeding-data/breastfeeding-report-card/index.html
breastfeeding_equity,wic_breastfeeding_rate_black_infants,direct,SC DPH WIC Breastfeeding Fact Sheet,https://dph.sc.gov/sites/scdph/files/Library/00112-ENG-CR.pdf
doula_policy,doula_medicaid_pilot_start,qualitative,SC Healthy Connections Medicaid,https://www.blackhealth.org/medicaid/south-carolina/
doula_policy,doula_mandate_effective_date,qualitative,SC Bill 3108,https://www.scstatehouse.gov/sess126_2025-2026/bills/3108.htm
group_prenatal_care_evidence,cradle_rct_ptb_group_care_pct,direct_rct,"CRADLE Trial, PMC9729420",https://pmc.ncbi.nlm.nih.gov/articles/PMC9729420/
group_prenatal_care_evidence,picklesimer_2012_ptb_group_pct,direct_cohort,Picklesimer et al. 2012 AJOG,https://www.ajog.org/article/S0002-9378(12)00131-7/fulltext
group_prenatal_care_evidence,gareau_2016_ptb_relative_risk_reduction_pct,direct_cohort,Gareau et al. 2016 MCHJ,https://centeringhealthcare.org/news/new-study-finds-medicaid-savings-and-better-outcomes-through-centeringpregnancy
